,EVID,I,StdI,Io,Io_std,Io_ini,Depi,Ndata,Mag,StdM,Depth,Hmin,Hmax,Hmin_ini,Hmax_ini,StdIo_inv,RegID,Poids_int,eqStd,Poids_int_norm,Poids_evt,Poids,Poids_evt_norm,poids_grp,Hypo,gamma,beta,intercept,X,C2,C1
0,1779,4.0,1.1399734738004839,5.49999999945,0.5,4.5,23.46675571431542,23,4.38,0.25,10.000000165554985,5.0,11.0,5.0,11.0,0.7232509759981548,-99,0.7695033385783832,13.197878301452267,0.16074955989448078,16.0,0.00574105571051717,0.14285714285714285,0.02296422284206868,25.91695629758933,0,-3.05,1,8.311431189010575,1.3181397353770623,3.21490833582052
1,1779,4.5,0.5020458146424487,5.49999999945,0.5,4.5,33.81778062466932,2,4.38,0.25,10.000000165554985,5.0,11.0,5.0,11.0,0.7232509759981548,-99,3.9674667724657815,5.8123629327222055,0.8288054198024588,16.0,0.029600193564373527,0.14285714285714285,0.11840077425749411,35.56180937964292,0,-3.05,1,9.230500741584537,1.3181397353770623,3.21490833582052
2,1779,4.5,4.47213595499958,5.49999999945,0.5,,0.0,0,4.38,0.25,10.000000165554985,5.0,11.0,5.0,11.0,0.7232509759981548,-99,0.04999999999999999,51.77550832376958,0.010445020303060482,16.0,0.0003730364393950172,0.14285714285714285,0.0014921457575800688,10.9999999989,0,-3.05,1,7.676247689600126,1.3181397353770623,3.21490833582052
3,2019111102,3.0,0.8038380541113114,8.49999999915,0.25,8.0,70.716169089548,40,4.93,0.25,1.9999999998,0.5,2.0,0.5,2.0,0.21154704098001145,-99,1.5476148056645371,17.432366743536257,0.052651078849226464,16.0,0.003290692428076654,0.25,0.013162769712306616,70.72909004526235,0,-3.05,1,8.641274115837543,1.3181397353770623,3.21490833582052
4,2019111102,3.5,0.8566845868148714,8.49999999915,0.25,8.0,34.212348005723236,7,4.93,0.25,1.9999999998,0.5,2.0,0.5,2.0,0.21154704098001145,-99,1.3625677117772377,18.578418655984247,0.04635563046283237,16.0,0.0028972269039270232,0.25,0.011588907615708093,34.239047358155275,0,-3.05,1,8.180291101691815,1.3181397353770623,3.21490833582052
5,2019111102,4.0,0.6134754214315937,8.49999999915,0.25,8.0,33.22867589874303,22,4.93,0.25,1.9999999998,0.5,2.0,0.5,2.0,0.21154704098001145,-99,2.6570863279225647,13.304083428053417,0.09039617690952559,16.0,0.005649761056845349,0.25,0.022599044227381397,33.25616499106581,0,-3.05,1,8.64171010670523,1.3181397353770623,3.21490833582052
6,2019111102,4.5,0.5686414115323567,8.49999999915,0.25,8.0,27.02877421264227,31,4.93,0.25,1.9999999998,0.5,2.0,0.5,2.0,0.21154704098001145,-99,3.0925948736740576,12.331794421394113,0.10521252184105899,16.0,0.006575782615066187,0.25,0.026303130460264747,27.062561655676294,0,-3.05,1,8.868725154565755,1.3181397353770623,3.21490833582052
7,2019111102,5.0,0.42474077658796816,8.49999999915,0.25,8.0,21.57007465412782,24,4.93,0.25,1.9999999998,0.5,2.0,0.5,2.0,0.21154704098001145,-99,5.543091996454143,9.211105334645625,0.18858037071343767,16.0,0.011786273169589854,0.25,0.04714509267835942,21.61239756514609,0,-3.05,1,9.070843991064418,1.3181397353770623,3.21490833582052
8,2019111102,5.5,0.6254055840495436,8.49999999915,0.25,8.0,14.389841453926397,12,4.93,0.25,1.9999999998,0.5,2.0,0.5,2.0,0.21154704098001145,-99,2.5566806868406147,13.56280590206723,0.08698029764411438,16.0,0.005436268602757149,0.25,0.021745074411028596,14.45320535377616,0,-3.05,1,9.037890728435425,1.3181397353770623,3.21490833582052
9,2019111102,6.0,0.6183347651264919,8.49999999915,0.25,8.0,11.335872600020203,27,4.93,0.25,1.9999999998,0.5,2.0,0.5,2.0,0.21154704098001145,-99,2.615487629387366,13.40946517875444,0.08898095630774189,16.0,0.005561309769233868,0.25,0.022245239076935472,11.416199697498902,0,-3.05,1,9.225440749017814,1.3181397353770623,3.21490833582052
10,2019111102,7.0,0.4099186911246343,8.49999999915,0.25,8.0,3.3559606236040938,3,4.93,0.25,1.9999999998,0.5,2.0,0.5,2.0,0.21154704098001145,-99,5.95120015869867,8.889667417668017,0.2024645329421151,16.0,0.012654033308882194,0.25,0.05061613323552878,3.6180215085687966,0,-3.05,1,8.703336990248756,1.3181397353770623,3.21490833582052
11,2019111102,8.0,0.5020458146424487,8.49999999915,0.25,8.0,2.194709882092368,2,4.93,0.25,1.9999999998,0.5,2.0,0.5,2.0,0.21154704098001145,-99,3.9674667724657815,10.887574578165815,0.13497635529474344,16.0,0.008436022205921465,0.25,0.03374408882368586,2.577665493394973,0,-3.05,1,9.254241001233082,1.3181397353770623,3.21490833582052
12,2019111102,8.0,3.1622776601683795,8.49999999915,0.25,,0.0,0,4.93,0.25,1.9999999998,0.5,2.0,0.5,2.0,0.21154704098001145,-99,0.09999999999999998,68.57847004754187,0.003402079035204007,16.0,0.00021262993970025043,0.25,0.0008505197588010017,1.3518905019583696,0,-3.05,1,8.399371626276373,1.3181397353770623,3.21490833582052
13,250038,3.0,0.598114624831142,5.67328661177837,0.25,5.5,131.123216947621,1151,4.49,0.25,10.283099552937943,10.0,18.0,10.0,18.0,0.31916648171721856,-99,2.7953175846931253,10.994765840595775,0.23162533603945007,16.0,0.008272333429980358,0.14285714285714285,0.033089333719921434,132.2545010940826,0,-3.05,1,9.470301907741351,1.3181397353770623,3.21490833582052
14,250038,3.5,0.755218682684444,5.67328661177837,0.25,5.5,94.84270999929758,586,4.49,0.25,10.283099552937943,10.0,18.0,10.0,18.0,0.31916648171721856,-99,1.753293205925749,13.882711155746899,0.14528121248978568,16.0,0.005188614731778059,0.14285714285714285,0.020754458927112238,96.40069852943327,0,-3.05,1,9.551444551613763,1.3181397353770623,3.21490833582052
15,250038,4.0,0.7965163078390692,5.67328661177837,0.25,5.5,53.21078927609957,602,4.49,0.25,10.283099552937943,10.0,18.0,10.0,18.0,0.31916648171721856,-99,1.5761975789545648,14.641859485343403,0.13060673173205778,16.0,0.004664526133287778,0.14285714285714285,0.018658104533151112,55.940532106311686,0,-3.05,1,9.330566108845312,1.3181397353770623,3.21490833582052
16,250038,4.5,0.7310241846485876,5.67328661177837,0.25,5.5,24.38798197532025,115,4.49,0.25,10.283099552937943,10.0,18.0,10.0,18.0,0.31916648171721856,-99,1.8712702360658588,13.437958880027013,0.15505701378004916,16.0,0.0055377504921446125,0.14285714285714285,0.02215100196857845,29.87856592576627,0,-3.05,1,8.999847234197986,1.3181397353770623,3.21490833582052
17,250038,5.0,1.0640234947214036,5.67328661177837,0.25,5.5,11.918727842984527,82,4.49,0.25,10.283099552937943,10.0,18.0,10.0,18.0,0.31916648171721856,-99,0.8832783071864739,19.55927624517954,0.07319012188051034,16.0,0.0026139329243039405,0.14285714285714285,0.010455731697215762,20.976441794235512,0,-3.05,1,9.031282055004429,1.3181397353770623,3.21490833582052
18,250038,5.5,0.9512247334050015,5.67328661177837,0.25,5.5,9.825197084421857,5,4.49,0.25,10.283099552937943,10.0,18.0,10.0,18.0,0.31916648171721856,-99,1.1051818187075535,17.485767395378012,0.09157746924520939,16.0,0.003270623901614621,0.14285714285714285,0.013082495606458484,19.861760614294685,0,-3.05,1,9.45895411679615,1.3181397353770623,3.21490833582052
19,250038,5.5,3.1622776601683795,5.67328661177837,0.25,,0.0,0,4.49,0.25,10.283099552937943,10.0,18.0,10.0,18.0,0.31916648171721856,-99,0.09999999999999998,58.13016594655946,0.008286190353032042,16.0,0.00029593536975114435,0.14285714285714285,0.0011837414790045774,17.26137413278027,0,-3.05,1,9.273079865694612,1.3181397353770623,3.21490833582052
20,250038,6.0,0.71,5.67328661177837,0.25,5.5,15.036035258908932,1,4.49,0.25,10.283099552937943,10.0,18.0,10.0,18.0,0.31916648171721856,-99,1.9837333862328903,13.05148448598268,0.16437592447990565,16.0,0.005870568731425201,0.14285714285714285,0.023482274925700805,22.891863035999677,0,-3.05,1,10.147027473408942,1.3181397353770623,3.21490833582052
21,310037,3.0,0.597504088575018,5.50000000055,0.25,6.0,50.85167708702728,194,4.85,0.25,15.9999999984,10.0,16.0,10.0,16.0,0.31327570304920666,-99,2.801033075845915,9.332982782766226,0.18368726734486118,16.0,0.011480454209053824,0.25,0.045921816836215296,51.825602385146425,0,-3.05,1,8.229360294143278,1.3181397353770623,3.21490833582052
22,310037,3.5,0.5007751037887622,5.50000000055,0.25,6.0,31.0660031926483,73,4.85,0.25,15.9999999984,10.0,16.0,10.0,16.0,0.31327570304920666,-99,3.9876271176115514,7.822081072022139,0.2615022060041624,16.0,0.01634388787526015,0.25,0.0653755515010406,32.63581704792504,0,-3.05,1,8.116768194093709,1.3181397353770623,3.21490833582052
23,310037,4.0,0.8315161024521981,5.50000000055,0.25,6.0,19.94899121675203,129,4.85,0.25,15.9999999984,10.0,16.0,10.0,16.0,0.31327570304920666,-99,1.4463009529414925,12.988238266766087,0.09484610235238285,16.0,0.005927881397023928,0.25,0.02371152558809571,22.31506779254882,0,-3.05,1,8.113224542186598,1.3181397353770623,3.21490833582052
24,310037,4.5,0.5386535700318604,5.50000000055,0.25,6.0,15.17484874746134,19,4.85,0.25,15.9999999984,10.0,16.0,10.0,16.0,0.31327570304920666,-99,3.4465208875948354,8.413740744389456,0.22601732523208043,16.0,0.014126082827005027,0.25,0.05650433130802011,18.173498136801538,0,-3.05,1,8.341287518912692,1.3181397353770623,3.21490833582052
25,310037,5.0,0.9719203252126409,5.50000000055,0.25,6.0,9.229784886176306,34,4.85,0.25,15.9999999984,10.0,16.0,10.0,16.0,0.31327570304920666,-99,1.0586165303933013,15.18134492278249,0.06942237823283048,16.0,0.004338898639551905,0.25,0.01735559455820762,13.60841390703151,0,-3.05,1,8.45811290580309,1.3181397353770623,3.21490833582052
26,310037,5.5,0.8664086919783044,5.50000000055,0.25,6.0,9.485803002607797,10,4.85,0.25,15.9999999984,10.0,16.0,10.0,16.0,0.31327570304920666,-99,1.3321538948335403,13.533258700132365,0.08736052092169137,16.0,0.005460032557605711,0.25,0.021840130230422843,13.783339893664493,0,-3.05,1,8.975031120922269,1.3181397353770623,3.21490833582052
27,310037,6.0,0.9637369204464326,5.50000000055,0.25,6.0,4.34021208773296,10,4.85,0.25,15.9999999984,10.0,16.0,10.0,16.0,0.31327570304920666,-99,1.0766709764312934,15.053520566016031,0.07060635991613942,16.0,0.004412897494758714,0.25,0.017651589979034855,10.90125868817465,0,-3.05,1,9.164303769158892,1.3181397353770623,3.21490833582052
28,310037,6.0,3.1622776601683795,5.50000000055,0.25,,0.0,0,4.85,0.25,15.9999999984,10.0,16.0,10.0,16.0,0.31327570304920666,-99,0.09999999999999998,49.39461255748758,0.006557839995851794,16.0,0.0004098649997407371,0.25,0.0016394599989629484,10.000000001,0,-3.05,1,9.05000000013246,1.3181397353770623,3.21490833582052
29,3527,2.0,0.472980665876636,6.266840914805729,0.5,6.0,121.03699716893074,55,4.93,0.25,9.999999999,8.0,10.0,8.0,10.0,0.300608649581545,-99,4.470058669474515,7.874340944322276,0.25804268527073604,16.0,0.016127667829421002,0.25,0.06451067131768401,121.30109102491689,0,-3.05,1,8.355787356601075,1.3181397353770623,3.21490833582052
30,3527,3.0,0.5761627790536489,6.266840914805729,0.5,6.0,93.18209697591087,73,4.93,0.25,9.999999999,8.0,10.0,8.0,10.0,0.300608649581545,-99,3.0123789377619836,9.592151411279847,0.1738953350794586,16.0,0.010868458442466162,0.25,0.04347383376986465,93.52488009610856,0,-3.05,1,9.011327838249727,1.3181397353770623,3.21490833582052
31,3527,3.5,1.1002924113986112,6.266840914805729,0.5,6.0,54.397582267550185,10,4.93,0.25,9.999999999,8.0,10.0,8.0,10.0,0.300608649581545,-99,0.8260070701082205,18.31803752431386,0.047682837784407635,16.0,0.002980177361525477,0.25,0.011920709446101909,54.98269688473197,0,-3.05,1,8.807689416032694,1.3181397353770623,3.21490833582052
32,3527,4.0,0.9535471534487262,6.266840914805729,0.5,6.0,46.446782823679065,34,4.93,0.25,9.999999999,8.0,10.0,8.0,10.0,0.300608649581545,-99,1.0998049042495721,15.874973195419495,0.06348834137334633,16.0,0.003968021335834146,0.25,0.015872085343336582,47.130707981457626,0,-3.05,1,9.103577089079309,1.3181397353770623,3.21490833582052
33,3527,4.5,0.7477150091634073,6.266840914805729,0.5,6.0,34.68815077826846,3,4.93,0.25,9.999999999,8.0,10.0,8.0,10.0,0.300608649581545,-99,1.7886600333464624,12.448210542448228,0.10325382107242537,16.0,0.006453363817026585,0.25,0.02581345526810634,35.59870509694575,0,-3.05,1,9.23187431242932,1.3181397353770623,3.21490833582052
34,3527,5.0,0.811576686678871,6.266840914805729,0.5,6.0,28.43643070062698,6,4.93,0.25,9.999999999,8.0,10.0,8.0,10.0,0.300608649581545,-99,1.518241554552002,13.51140119338338,0.08764339723359169,16.0,0.00547771232709948,0.25,0.02191084930839792,29.540321446371994,0,-3.05,1,9.484766411320848,1.3181397353770623,3.21490833582052
35,3527,5.5,1.2061304759624656,6.266840914805729,0.5,6.0,6.801060058203573,2,4.93,0.25,9.999999999,8.0,10.0,8.0,10.0,0.300608649581545,-99,0.687402991305443,20.080065161782564,0.039681652267988025,16.0,0.0024801032667492516,0.25,0.009920413066997006,10.500210382593139,0,-3.05,1,8.614653902125793,1.3181397353770623,3.21490833582052
36,3527,6.0,0.5083030475042365,6.266840914805729,0.5,6.0,10.066834709876996,3,4.93,0.25,9.999999999,8.0,10.0,8.0,10.0,0.300608649581545,-99,3.870388610412581,8.46239981430944,0.22342558429765347,16.0,0.013964099018603342,0.25,0.05585639607441337,12.858505404572067,0,-3.05,1,9.383030999806738,1.3181397353770623,3.21490833582052
37,3527,6.0,4.47213595499958,6.266840914805729,0.5,,0.0,0,4.93,0.25,9.999999999,8.0,10.0,8.0,10.0,0.300608649581545,-99,0.04999999999999999,74.45362104550355,0.002886345620392837,16.0,0.00018039660127455232,0.25,0.0007215864050982093,8.000000010214048,0,-3.05,1,8.754424462016615,1.3181397353770623,3.21490833582052
38,3534,3.0,0.629974779382387,5.385873242923999,0.5,5.0,26.918521477407516,13,4.2,0.25,6.9999999993,1.0,7.0,1.0,7.0,0.507348489112201,-99,2.519728068180534,11.583627164443481,0.29810609112195174,16.0,0.007452652278048794,0.1,0.029810609112195175,27.813787921098587,0,-3.05,1,7.40499342350342,1.3181397353770623,3.21490833582052
39,3534,4.0,0.8941187291762298,5.385873242923999,0.5,5.0,14.749636939054822,18,4.2,0.25,6.9999999993,1.0,7.0,1.0,7.0,0.507348489112201,-99,1.2508626232224738,16.44055974697489,0.14798809913192804,16.0,0.003699702478298201,0.1,0.014798809913192804,16.32641386906906,0,-3.05,1,7.699316944639528,1.3181397353770623,3.21490833582052
40,3534,4.5,1.226835318094723,5.385873242923999,0.5,5.0,9.264774670773733,6,4.2,0.25,6.9999999993,1.0,7.0,1.0,7.0,0.507348489112201,-99,0.6643966899436595,22.558368020562714,0.07860399806415817,16.0,0.0019650999516039546,0.1,0.007860399806415818,11.61189259726469,0,-3.05,1,7.747954181189925,1.3181397353770623,3.21490833582052
41,3534,5.0,0.5020458146424487,5.385873242923999,0.5,5.0,12.994425455376074,2,4.2,0.25,6.9999999993,1.0,7.0,1.0,7.0,0.507348489112201,-99,3.9674667724657815,9.231340248237906,0.4693863699546089,16.0,0.011734659248865223,0.1,0.04693863699546089,14.759915071081055,0,-3.05,1,8.565705768586486,1.3181397353770623,3.21490833582052
42,3534,5.0,4.47213595499958,5.385873242923999,0.5,,0.0,0,4.2,0.25,6.9999999993,1.0,7.0,1.0,7.0,0.507348489112201,-99,0.04999999999999999,82.23115786032665,0.005915441727352956,16.0,0.0001478860431838239,0.1,0.0005915441727352956,6.9999999993,0,-3.05,1,7.5775490219110235,1.3181397353770623,3.21490833582052
43,3599,3.0,0.7546270892120515,4.770567741574131,0.5,4.0,40.68402996711146,5,3.97,0.25,7.5588280689337015,5.0,11.0,5.0,11.0,0.3659232984776653,-99,1.7560432884605568,13.960926640799716,0.2052255844893504,16.0,0.00513063961223376,0.1,0.02052255844893504,42.14487269337307,0,-3.05,1,7.955471476231542,1.3181397353770623,3.21490833582052
44,3599,3.5,0.71,4.770567741574131,0.5,4.0,35.75662932349982,1,3.97,0.25,7.5588280689337015,5.0,11.0,5.0,11.0,0.3659232984776653,-99,1.9837333862328903,13.135306241547388,0.23183531199710944,16.0,0.0057958827999277365,0.1,0.023183531199710946,37.410380117742285,0,-3.05,1,8.297625968991634,1.3181397353770623,3.21490833582052
45,3599,4.0,0.4580187327707409,4.770567741574131,0.5,4.0,14.026019158999533,6,3.97,0.25,7.5588280689337015,5.0,11.0,5.0,11.0,0.3659232984776653,-99,4.766872306621459,8.473544111703012,0.5570956944746528,16.0,0.01392739236186632,0.1,0.05570956944746528,17.824960404568138,0,-3.05,1,7.815637150108293,1.3181397353770623,3.21490833582052
46,3599,4.0,4.47213595499958,4.770567741574131,0.5,,0.0,0,3.97,0.25,7.5588280689337015,5.0,11.0,5.0,11.0,0.3659232984776653,-99,0.04999999999999999,82.7364441165556,0.005843409038887143,16.0,0.00014608522597217856,0.1,0.0005843409038887142,10.9999999989,0,-3.05,1,7.176247689600126,1.3181397353770623,3.21490833582052
47,3612,3.0,0.7882550375454842,5.8299576383195815,0.5,6.0,83.93968565864044,314,3.97,0.25,5.0000000005,5.0,15.0,5.0,15.0,0.2883922130637997,-99,1.6094092393207646,18.414698164294993,0.1179589184448588,16.0,0.00294897296112147,0.1,0.01179589184448588,84.49412555619708,0,-3.05,1,8.87682087297112,1.3181397353770623,3.21490833582052
48,3612,3.5,0.8923764302948007,5.8299576383195815,0.5,6.0,62.04675513297424,55,3.97,0.25,5.0000000005,5.0,15.0,5.0,15.0,0.2883922130637997,-99,1.2557518247093031,20.847113979733457,0.09203819852580374,16.0,0.0023009549631450936,0.1,0.009203819852580375,62.79479474897815,0,-3.05,1,8.98366711798862,1.3181397353770623,3.21490833582052
49,3612,4.0,1.012188338547122,5.8299576383195815,0.5,6.0,36.57567590947517,92,3.97,0.25,5.0000000005,5.0,15.0,5.0,15.0,0.2883922130637997,-99,0.9760618558643296,23.646081346722713,0.07153879699462248,16.0,0.0017884699248655622,0.1,0.007153879699462249,37.83076120394607,0,-3.05,1,8.81242749384294,1.3181397353770623,3.21490833582052
50,3612,4.5,0.6941932537368488,5.8299576383195815,0.5,6.0,19.118996253803825,23,3.97,0.25,5.0000000005,5.0,15.0,5.0,15.0,0.2883922130637997,-99,2.075100917174081,16.21728834751188,0.1520909995254499,16.0,0.0038022749881362478,0.1,0.015209099952544991,21.422475178839463,0,-3.05,1,8.559152427338244,1.3181397353770623,3.21490833582052
51,3612,5.0,0.6514327308285117,5.8299576383195815,0.5,6.0,16.41783276325796,20,3.97,0.25,5.0000000005,5.0,15.0,5.0,15.0,0.2883922130637997,-99,2.3564642135899363,15.218345004052416,0.17271304476069518,16.0,0.00431782611901738,0.1,0.01727130447606952,19.05076527799696,0,-3.05,1,8.903732899821522,1.3181397353770623,3.21490833582052
52,3612,5.5,0.5473977741403535,5.8299576383195815,0.5,6.0,4.9663672052590675,2,3.97,0.25,5.0000000005,5.0,15.0,5.0,15.0,0.2883922130637997,-99,3.337289989483384,12.787948451290275,0.24460100518775188,16.0,0.006115025129693797,0.1,0.024460100518775188,10.86513820678324,0,-3.05,1,8.659907527769626,1.3181397353770623,3.21490833582052
53,3612,6.0,0.71,5.8299576383195815,0.5,6.0,6.15849337074823,1,3.97,0.25,5.0000000005,5.0,15.0,5.0,15.0,0.2883922130637997,-99,1.9837333862328903,16.586555205991967,0.1453943714289512,16.0,0.0036348592857237804,0.1,0.014539437142895122,11.459208769918542,0,-3.05,1,9.230421626698892,1.3181397353770623,3.21490833582052
54,3612,6.0,4.47213595499958,5.8299576383195815,0.5,,0.0,0,3.97,0.25,5.0000000005,5.0,15.0,5.0,15.0,0.2883922130637997,-99,0.04999999999999999,104.47511254408752,0.0036646651318667147,16.0,9.161662829666788e-05,0.1,0.0003664665131866715,9.663665196757808,0,-3.05,1,9.004682719224071,1.3181397353770623,3.21490833582052
55,3649,3.0,0.45383291626196415,4.483819358505188,0.5,4.0,16.751118451441016,6,3.75,0.25,4.821547118958204,2.0,8.0,2.0,8.0,0.46870784746539657,-99,4.855209970298163,8.965282818945001,0.4976591604596982,16.0,0.012441479011492453,0.1,0.04976591604596981,18.547599270301067,0,-3.05,1,6.8682774977685295,1.3181397353770623,3.21490833582052
56,3649,3.5,1.0639393036156424,4.483819358505188,0.5,4.0,14.15223573657364,3,3.75,0.25,4.821547118958204,2.0,8.0,2.0,8.0,0.46870784746539657,-99,0.8834181029800843,21.01768385966907,0.0905503807566471,16.0,0.002263759518916177,0.1,0.009055038075664709,16.238819096874533,0,-3.05,1,7.192191053362622,1.3181397353770623,3.21490833582052
57,3649,4.0,0.5020458146424487,4.483819358505188,0.5,4.0,15.06058772193721,2,3.75,0.25,4.821547118958204,2.0,8.0,2.0,8.0,0.46870784746539657,-99,3.9674667724657815,9.917708819822817,0.406665457357309,16.0,0.010166636433932725,0.1,0.0406665457357309,17.036278110186828,0,-3.05,1,7.755692899468434,1.3181397353770623,3.21490833582052
58,3649,4.0,4.47213595499958,4.483819358505188,0.5,,0.0,0,3.75,0.25,4.821547118958204,2.0,8.0,2.0,8.0,0.46870784746539657,-99,0.04999999999999999,88.34520856614255,0.005125001426345485,16.0,0.0001281250356586371,0.1,0.0005125001426345484,7.9632574564348335,0,-3.05,1,6.748326808634993,1.3181397353770623,3.21490833582052
59,3680,3.0,0.6081528990256952,4.910206521817993,0.5,4.5,15.17804808028929,9,3.56,0.25,3.0000000031402645,3.0,5.5,3.0,5.5,0.27527906126891594,-99,2.70379921317626,14.724937545479284,0.1844816050392868,16.0,0.004612040125982169,0.1,0.018448160503928675,15.849846090934887,0,-3.05,1,6.6600764006132405,1.3181397353770623,3.21490833582052
60,3680,3.5,0.4099186911246343,4.910206521817993,0.5,4.5,13.906369276461138,3,3.56,0.25,3.0000000031402645,3.0,5.5,3.0,5.5,0.27527906126891594,-99,5.95120015869867,9.925180222284567,0.40605343467685157,16.0,0.010151335866921287,0.1,0.04060534346768515,14.63665207730418,0,-3.05,1,7.054597335955547,1.3181397353770623,3.21490833582052
61,3680,4.0,0.71,4.910206521817993,0.5,4.5,7.380271538477438,1,3.56,0.25,3.0000000031402645,3.0,5.5,3.0,5.5,0.27527906126891594,-99,1.9837333862328903,17.190916419274632,0.13535114489228386,16.0,0.003383778622307096,0.1,0.013535114489228384,8.678299692935862,0,-3.05,1,6.862225663603304,1.3181397353770623,3.21490833582052
62,3680,4.5,0.5020458146424487,4.910206521817993,0.5,4.5,4.289641380945798,2,3.56,0.25,3.0000000031402645,3.0,5.5,3.0,5.5,0.27527906126891594,-99,3.9674667724657815,12.155813574880254,0.2707022897845678,16.0,0.006767557244614193,0.1,0.027070228978456772,6.264622954007138,0,-3.05,1,6.930529559172594,1.3181397353770623,3.21490833582052
63,3680,4.5,4.47213595499958,4.910206521817993,0.5,,0.0,0,3.56,0.25,3.0000000031402645,3.0,5.5,3.0,5.5,0.27527906126891594,-99,0.04999999999999999,108.28185270145171,0.0034115256070100138,16.0,8.528814017525034e-05,0.1,0.00034115256070100136,4.565575273582788,0,-3.05,1,6.511461297809738,1.3181397353770623,3.21490833582052
64,3681,3.0,0.37347846260228446,5.0609220677387174,0.5,4.5,17.3119349037815,8,3.67,0.25,4.215543307590061,1.0,7.0,1.0,7.0,0.2726968749970277,-99,7.1691699410364516,8.743351494092337,0.5232438294313906,16.0,0.013081095735784762,0.1,0.05232438294313905,17.718344404642195,0,-3.05,1,6.807690574363933,1.3181397353770623,3.21490833582052
65,3681,3.5,0.71,5.0609220677387174,0.5,4.5,10.493762356337193,1,3.67,0.25,4.215543307590061,1.0,7.0,1.0,7.0,0.2726968749970277,-99,1.9837333862328903,16.621519531679652,0.14478332388830728,16.0,0.003619583097207681,0.1,0.014478332388830725,11.151488094421605,0,-3.05,1,6.694365116429763,1.3181397353770623,3.21490833582052
66,3681,4.0,0.5808730815455845,5.0609220677387174,0.5,4.5,8.307032473855836,5,3.67,0.25,4.215543307590061,1.0,7.0,1.0,7.0,0.2726968749970277,-99,2.9637222302740214,13.598582070897013,0.21630807776825106,16.0,0.005407701944206276,0.1,0.021630807776825103,9.12378358195999,0,-3.05,1,6.928533674273218,1.3181397353770623,3.21490833582052
67,3681,4.5,0.8071951598401357,5.0609220677387174,0.5,4.5,4.519981499421367,2,3.67,0.25,4.215543307590061,1.0,7.0,1.0,7.0,0.2726968749970277,-99,1.5347685875671346,18.89691565515506,0.11201550523344624,16.0,0.0028003876308361556,0.1,0.011201550523344622,5.8878579367932025,0,-3.05,1,6.8483698343173876,1.3181397353770623,3.21490833582052
68,3681,4.5,4.47213595499958,5.0609220677387174,0.5,,0.0,0,3.67,0.25,4.215543307590061,1.0,7.0,1.0,7.0,0.2726968749970277,-99,0.04999999999999999,104.69534524556668,0.003649263678604784,16.0,9.123159196511959e-05,0.1,0.00036492636786047836,3.7731470059815155,0,-3.05,1,6.258946364678485,1.3181397353770623,3.21490833582052
69,3736,2.0,0.8287188499629244,4.9999999995,0.5,4.0,91.29105433605937,52,4.2,0.25,9.00000001572707,2.0,10.0,2.0,10.0,0.6909059129371246,-99,1.4560811016711064,19.461568116160073,0.10560982672555363,16.0,0.002640245668138841,0.1,0.010560982672555364,91.83711995576378,0,-3.05,1,7.987205679703349,1.3181397353770623,3.21490833582052
70,3736,3.0,0.6413952463632762,4.9999999995,0.5,4.0,89.92756928047903,33,4.2,0.25,9.00000001572707,2.0,10.0,2.0,10.0,0.6909059129371246,-99,2.430796074047643,15.06247538237922,0.17630608067826814,16.0,0.004407652016956704,0.1,0.017630608067826816,90.4818640207824,0,-3.05,1,8.967512693733166,1.3181397353770623,3.21490833582052
71,3736,3.5,0.4591413997890326,4.9999999995,0.5,4.0,105.42906403230401,14,4.2,0.25,9.00000001572707,2.0,10.0,2.0,10.0,0.6909059129371246,-99,4.743589424304459,10.78244042275991,0.34405340237093446,16.0,0.008601335059273362,0.1,0.03440534023709345,105.90225466300356,0,-3.05,1,9.675960879373118,1.3181397353770623,3.21490833582052
72,3736,4.0,0.4425083215797251,4.9999999995,0.5,4.0,94.86977691538118,24,4.2,0.25,9.00000001572707,2.0,10.0,2.0,10.0,0.6909059129371246,-99,5.106897197618446,10.391830525849349,0.37040418114534607,16.0,0.009260104528633652,0.1,0.03704041811453461,95.39535927891981,0,-3.05,1,10.037558106367758,1.3181397353770623,3.21490833582052
73,3736,4.0,4.47213595499958,4.9999999995,0.5,,0.0,0,4.2,0.25,9.00000001572707,2.0,10.0,2.0,10.0,0.6909059129371246,-99,0.04999999999999999,105.02328807513754,0.0036265090798976774,16.0,9.066272699744194e-05,0.1,0.00036265090798976774,9.999999999,0,-3.05,1,7.04999999986754,1.3181397353770623,3.21490833582052
74,3775,3.0,0.7937704390944573,4.433320807632513,0.5,4.0,20.330836574477257,39,3.62,0.25,4.0000000004,4.0,15.0,4.0,15.0,0.4273170935932704,-99,1.5871214364722077,11.760605133873996,0.28920157515929795,16.0,0.007230039378982448,0.1,0.02892015751592979,21.625759383083956,0,-3.05,1,7.071662667964561,1.3181397353770623,3.21490833582052
75,3775,3.5,0.6222876796709649,4.433320807632513,0.5,4.0,12.762032178945631,13,3.62,0.25,4.0000000004,4.0,15.0,4.0,15.0,0.4273170935932704,-99,2.5823648078620267,9.219894468020119,0.4705525065111888,16.0,0.011763812662779717,0.1,0.04705525065111887,14.737707366255629,0,-3.05,1,7.063711283045315,1.3181397353770623,3.21490833582052
76,3775,4.0,0.887896529748943,4.433320807632513,0.5,4.0,7.733200122205365,11,3.62,0.25,4.0000000004,4.0,15.0,4.0,15.0,0.4273170935932704,-99,1.2684556370265085,13.155189424825279,0.23113503467204963,16.0,0.00577837586680124,0.1,0.02311350346720496,10.683301793313653,0,-3.05,1,7.137551765793106,1.3181397353770623,3.21490833582052
77,3775,4.0,4.47213595499958,4.433320807632513,0.5,,0.0,0,3.62,0.25,4.0000000004,4.0,15.0,4.0,15.0,0.4273170935932704,-99,0.04999999999999999,66.25974271824933,0.009110883657463665,16.0,0.0002277720914365916,0.1,0.0009110883657463664,7.370926202109313,0,-3.05,1,6.645942292316823,1.3181397353770623,3.21490833582052
78,3783,3.0,0.7275082048459176,5.999999991584646,0.5,5.0,57.54424060615276,77,3.96,0.25,7.000000014653411,7.0,18.0,7.0,18.0,0.3496875818405609,-99,1.889401294938221,19.945173234924287,0.1005505304001059,16.0,0.002513763260002648,0.1,0.010055053040010592,59.1601925100338,0,-3.05,1,8.404690214552225,1.3181397353770623,3.21490833582052
79,3783,3.5,0.9906739462680829,5.999999991584646,0.5,5.0,43.51791998028473,25,3.96,0.25,7.000000014653411,7.0,18.0,7.0,18.0,0.3496875818405609,-99,1.0189163160943808,27.160055853703913,0.054224889276347145,16.0,0.0013556222319086788,0.1,0.005422488927634715,45.633300453681024,0,-3.05,1,8.560809735516116,1.3181397353770623,3.21490833582052
80,3783,4.0,0.789460987271833,5.999999991584646,0.5,5.0,39.643179632098104,30,3.96,0.25,7.000000014653411,7.0,18.0,7.0,18.0,0.3496875818405609,-99,1.6044960535724306,21.64365439244218,0.08538838712760585,16.0,0.0021347096781901462,0.1,0.008538838712760585,41.95438525623105,0,-3.05,1,8.949470953795103,1.3181397353770623,3.21490833582052
81,3783,4.5,0.2801049717117535,5.999999991584646,0.5,5.0,49.3512570506759,9,3.96,0.25,7.000000014653411,7.0,18.0,7.0,18.0,0.3496875818405609,-99,12.74554366704017,7.679284092662205,0.6782948542440288,16.0,0.01695737135610072,0.1,0.06782948542440288,51.22631475489279,0,-3.05,1,9.713953996636823,1.3181397353770623,3.21490833582052
82,3783,5.0,0.8213825011638723,5.999999991584646,0.5,5.0,39.06121164633997,4,3.96,0.25,7.000000014653411,7.0,18.0,7.0,18.0,0.3496875818405609,-99,1.482207844092857,22.518806205517073,0.07888042909995327,16.0,0.0019720107274988317,0.1,0.007888042909995327,41.40491524161865,0,-3.05,1,9.932008294853237,1.3181397353770623,3.21490833582052
83,3783,5.0,4.47213595499958,5.999999991584646,0.5,,0.0,0,3.96,0.25,7.000000014653411,7.0,18.0,7.0,18.0,0.3496875818405609,-99,0.04999999999999999,122.60690086855003,0.002660909851959047,16.0,6.652274629897617e-05,0.1,0.0002660909851959047,13.732761954008357,0,-3.05,1,8.470161570567765,1.3181397353770623,3.21490833582052
84,3795,3.0,0.6236591031652847,6.9999999993,0.5,6.0,101.35645758900307,38,4.07,0.25,4.0000000004,4.0,8.0,4.0,8.0,0.3209446957330155,-99,2.5710200784673187,18.242394187627507,0.12019774487168557,16.0,0.0030049436217921394,0.1,0.012019774487168558,101.67168482413665,0,-3.05,1,9.121960062242174,1.3181397353770623,3.21490833582052
85,3795,3.5,0.8078918470532155,6.9999999993,0.5,6.0,86.61882526647786,34,4.07,0.25,4.0000000004,4.0,8.0,4.0,8.0,0.3209446957330155,-99,1.5321227071381154,23.63130989368295,0.07162825985181986,16.0,0.0017907064962954967,0.1,0.007162825985181987,86.98747548085197,0,-3.05,1,9.415343017620112,1.3181397353770623,3.21490833582052
86,3795,4.0,0.6092672543925205,6.9999999993,0.5,6.0,70.03560269571298,32,4.07,0.25,4.0000000004,4.0,8.0,4.0,8.0,0.3209446957330155,-99,2.6939177112694175,17.821424178420553,0.12594333139455977,16.0,0.0031485832848639943,0.1,0.012594333139455977,70.49103237248664,0,-3.05,1,9.636808306702761,1.3181397353770623,3.21490833582052
87,3795,4.5,0.38901597377906255,6.9999999993,0.5,6.0,44.08059250297596,6,4.07,0.25,4.0000000004,4.0,8.0,4.0,8.0,0.3209446957330155,-99,6.607925388145902,11.37894516883314,0.3089270817398601,16.0,0.007723177043496503,0.1,0.03089270817398601,44.80065440817378,0,-3.05,1,9.536417291389391,1.3181397353770623,3.21490833582052
88,3795,5.0,0.4099186911246343,6.9999999993,0.5,6.0,66.76798459576646,3,4.07,0.25,4.0000000004,4.0,8.0,4.0,8.0,0.3209446957330155,-99,5.95120015869867,11.990361898702343,0.27822452432266764,16.0,0.006955613108066691,0.1,0.027822452432266765,67.2455483059489,0,-3.05,1,10.574373794197268,1.3181397353770623,3.21490833582052
89,3795,6.0,0.71,6.9999999993,0.5,6.0,64.47250440523061,1,4.07,0.25,4.0000000004,4.0,8.0,4.0,8.0,0.3209446957330155,-99,1.9837333862328903,20.767916009690488,0.0927415081075559,16.0,0.0023185377026888974,0.1,0.00927415081075559,64.96694408904948,0,-3.05,1,11.528711938735928,1.3181397353770623,3.21490833582052
90,3795,6.0,4.47213595499958,6.9999999993,0.5,,0.0,0,4.07,0.25,4.0000000004,4.0,8.0,4.0,8.0,0.3209446957330155,-99,0.04999999999999999,130.81259703851865,0.0023375497118509458,16.0,5.8438742796273646e-05,0.1,0.00023375497118509458,7.9999999992,0,-3.05,1,8.754424460192968,1.3181397353770623,3.21490833582052
91,380116,3.0,0.7762842310543668,4.669978444097139,0.375,4.5,14.761012674146176,46,3.3,0.25,3.0000000148257056,3.0,9.0,3.0,9.0,0.43617706864586986,-99,1.6594282203483908,11.754608931482773,0.28949670254034343,16.0,0.007237417563508585,0.1,0.02894967025403434,15.68330381187401,0,-3.05,1,6.6460845444286445,1.3181397353770623,3.21490833582052
92,380116,3.5,0.6227487574606995,4.669978444097139,0.375,4.5,13.548354439676352,15,3.3,0.25,3.0000000148257056,3.0,9.0,3.0,9.0,0.43617706864586986,-99,2.5785423023576306,9.429752420160485,0.4498413879791672,16.0,0.011246034699479178,0.1,0.04498413879791671,14.547729421196138,0,-3.05,1,7.046525405286441,1.3181397353770623,3.21490833582052
93,380116,4.0,1.225301736032898,4.669978444097139,0.375,4.5,5.867084320069236,8,3.3,0.25,3.0000000148257056,3.0,9.0,3.0,9.0,0.43617706864586986,-99,0.6660608424462321,18.55369741385993,0.11619810680268235,16.0,0.0029049526700670584,0.1,0.011619810680268234,7.905770152745404,0,-3.05,1,6.738729760569457,1.3181397353770623,3.21490833582052
94,380116,4.5,1.1460112811372383,4.669978444097139,0.375,4.5,3.5348279891192123,3,3.3,0.25,3.0000000148257056,3.0,9.0,3.0,9.0,0.43617706864586986,-99,0.7614163784208228,17.353069793185536,0.13283342304903106,16.0,0.0033208355762257757,0.1,0.013283342304903103,6.369735646155057,0,-3.05,1,6.952570296898292,1.3181397353770623,3.21490833582052
95,380116,4.5,3.872983346207417,4.669978444097139,0.375,,0.0,0,3.3,0.25,3.0000000148257056,3.0,9.0,3.0,9.0,0.43617706864586986,-99,0.06666666666666665,58.64527812316902,0.011630379628776175,16.0,0.0002907594907194043,0.1,0.0011630379628776173,5.29891718082457,0,-3.05,1,6.708770751936051,1.3181397353770623,3.21490833582052
96,408,3.0,0.975975444262608,5.9999999994,0.5,5.0,27.74468146098233,89,3.92,0.25,6.000000002485606,6.0,12.0,6.0,12.0,0.4268251330409772,-99,1.049837830297084,18.653648692995834,0.11495620140103649,16.0,0.0028739050350259122,0.1,0.011495620140103649,28.912113735147052,0,-3.05,1,7.456293523156823,1.3181397353770623,3.21490833582052
97,408,3.5,1.754396576439825,5.9999999994,0.5,5.0,15.964563023954335,5,3.92,0.25,6.000000002485606,6.0,12.0,6.0,12.0,0.4268251330409772,-99,0.3248960696744183,33.53147622461849,0.03557579746324117,16.0,0.0008893949365810293,0.1,0.003557579746324117,17.91675874170638,0,-3.05,1,7.322441309485194,1.3181397353770623,3.21490833582052
98,408,4.0,1.1123351668630903,5.9999999994,0.5,5.0,25.8571965528896,23,3.92,0.25,6.000000002485606,6.0,12.0,6.0,12.0,0.4268251330409772,-99,0.8082182715161567,21.25986832302512,0.08849909930385841,16.0,0.00221247748259646,0.1,0.00884990993038584,27.10604332685735,0,-3.05,1,8.370851690940674,1.3181397353770623,3.21490833582052
99,408,4.5,0.5918961738535328,5.9999999994,0.5,5.0,31.480778647619776,4,3.92,0.25,6.000000002485606,6.0,12.0,6.0,12.0,0.4268251330409772,-99,2.8543612362652375,11.312808487855103,0.3125497249937779,16.0,0.007813743124844449,0.1,0.031254972499377795,32.51434138227523,0,-3.05,1,9.1118286318658,1.3181397353770623,3.21490833582052
100,408,5.0,0.4971993710018899,5.9999999994,0.5,5.0,20.157588905511417,6,3.92,0.25,6.000000002485606,6.0,12.0,6.0,12.0,0.4268251330409772,-99,4.045189384633373,9.502884987086027,0.4429442264179575,16.0,0.011073605660448939,0.1,0.044294422641795755,21.736406366883628,0,-3.05,1,9.078422621384735,1.3181397353770623,3.21490833582052
101,408,5.0,4.47213595499958,5.9999999994,0.5,,0.0,0,3.92,0.25,6.000000002485606,6.0,12.0,6.0,12.0,0.4268251330409772,-99,0.04999999999999999,85.47515565302596,0.005474950420128509,16.0,0.00013687376050321273,0.1,0.0005474950420128509,8.132832917421952,0,-3.05,1,7.776237642980044,1.3181397353770623,3.21490833582052
102,503,3.0,0.2948137999504461,5.9999999994,0.5,5.0,66.03774986927421,34,3.62,0.25,7.0000000007,7.0,13.0,7.0,13.0,0.30391701321092185,-99,11.505470490244916,11.147836398396251,0.32186875359275136,16.0,0.008046718839818782,0.1,0.03218687535927513,67.25280232238283,0,-3.05,1,8.574516675605947,1.3181397353770623,3.21490833582052
103,503,3.5,0.71,5.9999999994,0.5,5.0,84.0079822012813,1,3.62,0.25,7.0000000007,7.0,13.0,7.0,13.0,0.30391701321092185,-99,1.9837333862328903,26.847331584178647,0.05549549607975368,16.0,0.001387387401993842,0.1,0.005549549607975368,84.96644093962904,0,-3.05,1,9.384204652282552,1.3181397353770623,3.21490833582052
104,503,4.0,0.24802795126657823,5.9999999994,0.5,5.0,65.91555159813126,24,3.62,0.25,7.0000000007,7.0,13.0,7.0,13.0,0.30391701321092185,-99,16.255440697556928,9.37871640816666,0.4547504981095438,16.0,0.011368762452738594,0.1,0.04547504981095438,67.13281578261544,0,-3.05,1,9.572151333310371,1.3181397353770623,3.21490833582052
105,503,4.5,0.5020458146424487,5.9999999994,0.5,5.0,74.15747509658223,2,3.62,0.25,7.0000000007,7.0,13.0,7.0,13.0,0.30391701321092185,-99,3.9674667724657815,18.983930219936497,0.11099099215950739,16.0,0.0027747748039876844,0.1,0.011099099215950738,75.24151862580187,0,-3.05,1,10.223195535075398,1.3181397353770623,3.21490833582052
106,503,5.0,0.71,5.9999999994,0.5,5.0,66.39010218242034,1,3.62,0.25,7.0000000007,7.0,13.0,7.0,13.0,0.30391701321092185,-99,1.9837333862328903,26.847331584178647,0.05549549607975368,16.0,0.001387387401993842,0.1,0.005549549607975368,67.59882158890707,0,-3.05,1,10.581314331870772,1.3181397353770623,3.21490833582052
107,503,5.0,4.47213595499958,5.9999999994,0.5,,0.0,0,3.62,0.25,7.0000000007,7.0,13.0,7.0,13.0,0.30391701321092185,-99,0.04999999999999999,169.10551672310024,0.0013987639786901913,16.0,3.4969099467254776e-05,0.1,0.0001398763978690191,12.726154659467097,0,-3.05,1,8.369326450429865,1.3181397353770623,3.21490833582052
108,560053,3.5,0.45346247341286283,5.53269071333957,0.25,5.5,82.01108488452819,192,4.34,0.25,11.614824501425513,9.5,13.0,9.5,13.0,0.3201177172266513,-99,4.863145852835477,9.472479500546608,0.312054667730031,16.0,0.01114480956178682,0.14285714285714285,0.04457923824714728,83.03504106040707,0,-3.05,1,9.353747284510826,1.3181397353770623,3.21490833582052
109,560053,4.0,0.7607844660635286,5.53269071333957,0.25,5.5,45.09039465757336,173,4.34,0.25,11.614824501425513,9.5,13.0,9.5,13.0,0.3201177172266513,-99,1.7277333924709666,15.892197660554315,0.11086389058211253,16.0,0.003959424663646876,0.14285714285714285,0.015837698654587503,46.92700385004268,0,-3.05,1,9.097839621384932,1.3181397353770623,3.21490833582052
110,560053,4.5,0.4656302344873296,5.53269071333957,0.25,5.5,16.989412288687724,13,4.34,0.25,11.614824501425513,9.5,13.0,9.5,13.0,0.3201177172266513,-99,4.612301144432097,9.726654595737994,0.2959586540587541,16.0,0.010569951930669789,0.14285714285714285,0.042279807722679155,21.392525093621217,0,-3.05,1,8.557299252783343,1.3181397353770623,3.21490833582052
111,560053,5.0,0.7203094077660817,5.53269071333957,0.25,5.5,9.292405144972097,7,4.34,0.25,11.614824501425513,9.5,13.0,9.5,13.0,0.3201177172266513,-99,1.9273554932045074,15.04670507299697,0.12367309067625647,16.0,0.004416896095580588,0.14285714285714285,0.01766758438232235,15.979636833936617,0,-3.05,1,8.670879060142816,1.3181397353770623,3.21490833582052
112,560053,5.5,0.6518096849329844,5.53269071333957,0.25,5.5,3.4307293257139126,2,4.34,0.25,11.614824501425513,9.5,13.0,9.5,13.0,0.3201177172266513,-99,2.3537394243654415,13.61579897078712,0.1510329725285088,16.0,0.005394034733161028,0.14285714285714285,0.021576138932644113,13.445069864917528,0,-3.05,1,8.942117343062932,1.3181397353770623,3.21490833582052
113,560053,5.5,3.1622776601683795,5.53269071333957,0.25,,0.0,0,4.34,0.25,11.614824501425513,9.5,13.0,9.5,13.0,0.3201177172266513,-99,0.09999999999999998,66.05752860988956,0.006416724424337101,16.0,0.00022916872944061075,0.14285714285714285,0.000916674917762443,12.9999999987,0,-3.05,1,8.897527224403392,1.3181397353770623,3.21490833582052
114,572,3.0,0.553795878347148,4.574710950073426,0.5,4.5,25.277662193582515,48,3.72,0.25,10.000000001,10.0,16.0,10.0,16.0,0.46000663060648783,-99,3.2606228047466366,13.90764606102029,0.20680104640997976,16.0,0.005170026160249494,0.1,0.020680104640997975,29.915885512037264,0,-3.05,1,7.501500680660074,1.3181397353770623,3.21490833582052
115,572,3.5,0.6809462268336584,4.574710950073426,0.5,4.5,14.42368560834934,8,3.72,0.25,10.000000001,10.0,16.0,10.0,16.0,0.46000663060648783,-99,2.1566236549369564,17.10081183279093,0.13678123943199652,16.0,0.0034195309857999122,0.1,0.013678123943199649,21.54165050605348,0,-3.05,1,7.566500875498833,1.3181397353770623,3.21490833582052
116,572,4.0,0.6502870154377233,4.574710950073426,0.5,4.5,18.961291288140472,26,3.72,0.25,10.000000001,10.0,16.0,10.0,16.0,0.46000663060648783,-99,2.3647750536416776,16.330857636170176,0.14998298941705254,16.0,0.003749574735426313,0.1,0.014998298941705252,24.80988849854352,0,-3.05,1,8.25360567798884,1.3181397353770623,3.21490833582052
117,572,4.5,0.355,4.574710950073426,0.5,4.5,22.688264226610148,4,3.72,0.25,10.000000001,10.0,16.0,10.0,16.0,0.46000663060648783,-99,7.934933544931561,8.915224082919773,0.5032635353886037,16.0,0.012581588384715089,0.1,0.050326353538860356,27.762516701713626,0,-3.05,1,8.902549440115589,1.3181397353770623,3.21490833582052
118,572,4.5,4.47213595499958,4.574710950073426,0.5,,0.0,0,3.72,0.25,10.000000001,10.0,16.0,10.0,16.0,0.46000663060648783,-99,0.04999999999999999,112.31012441719344,0.0031711893523674382,16.0,7.927973380918595e-05,0.1,0.0003171189352367438,15.999999999889072,0,-3.05,1,8.172565947091387,1.3181397353770623,3.21490833582052
119,640001,3.5,0.8626577358825448,7.9999999992,0.25,7.5,107.77091739317399,117,5.14,0.25,6.000000000777112,2.0,7.0,2.0,7.0,0.4594657023115407,-99,1.3437638626478752,20.06964772861427,0.0397228575997112,16.0,0.00248267859998195,0.25,0.0099307143999278,107.99801218428296,0,-3.05,1,9.701918073852855,1.3181397353770623,3.21490833582052
120,640001,4.0,1.1303739000084845,7.9999999992,0.25,7.5,83.0048861798713,175,5.14,0.25,6.000000000777112,2.0,7.0,2.0,7.0,0.4594657023115407,-99,0.7826286775653598,26.298038064402142,0.023135201337473054,16.0,0.0014459500835920659,0.25,0.0057838003343682635,83.29952658763189,0,-3.05,1,9.857959726284239,1.3181397353770623,3.21490833582052
121,640001,4.5,1.0291161998719498,7.9999999992,0.25,7.5,59.76116065371425,187,5.14,0.25,6.000000000777112,2.0,7.0,2.0,7.0,0.4594657023115407,-99,0.9442155981485277,23.9422875888432,0.027911854747137636,16.0,0.0017444909216961023,0.25,0.006977963686784409,60.1697292886485,0,-3.05,1,9.927103075525412,1.3181397353770623,3.21490833582052
122,640001,5.0,1.0037749465059385,7.9999999992,0.25,7.5,53.95487174225054,146,5.14,0.25,6.000000000777112,2.0,7.0,2.0,7.0,0.4594657023115407,-99,0.9924926434869662,23.352725811440145,0.0293389672410953,16.0,0.0018336854525684563,0.25,0.007334741810273825,54.40706006312881,0,-3.05,1,10.293748540033752,1.3181397353770623,3.21490833582052
123,640001,5.5,0.8738087720631906,7.9999999992,0.25,7.5,48.675488131933086,87,5.14,0.25,6.000000000777112,2.0,7.0,2.0,7.0,0.4594657023115407,-99,1.3096860435333368,20.329075493121174,0.038715486890003224,16.0,0.0024197179306252015,0.25,0.009678871722500806,49.17624573787795,0,-3.05,1,10.659853879490173,1.3181397353770623,3.21490833582052
124,640001,6.0,0.6662100649892602,7.9999999992,0.25,7.5,56.33377726302024,88,5.14,0.25,6.000000000777112,2.0,7.0,2.0,7.0,0.4594657023115407,-99,2.2530852305838405,15.499311907187424,0.06660320779734126,16.0,0.004162700487333829,0.25,0.016650801949335315,56.76701912827356,0,-3.05,1,11.349993073734181,1.3181397353770623,3.21490833582052
125,640001,6.5,0.5333660868611123,7.9999999992,0.25,7.5,51.82477486250003,36,5.14,0.25,6.000000000777112,2.0,7.0,2.0,7.0,0.4594657023115407,-99,3.5151932305705857,12.408709768006384,0.10391224530943814,16.0,0.006494515331839884,0.25,0.025978061327359536,52.295384973618994,0,-3.05,1,11.741313261461514,1.3181397353770623,3.21490833582052
126,640001,7.0,0.23174521618292437,7.9999999992,0.25,7.5,55.618330415766366,30,5.14,0.25,6.000000000777112,2.0,7.0,2.0,7.0,0.4594657023115407,-99,18.61994715538448,5.391529755221618,0.5504222355779355,16.0,0.034401389723620966,0.25,0.13760555889448386,56.05710194281865,0,-3.05,1,12.333323457233252,1.3181397353770623,3.21490833582052
127,640001,7.5,0.5020458146424487,7.9999999992,0.25,7.5,60.55006601082894,2,5.14,0.25,6.000000000777112,2.0,7.0,2.0,7.0,0.4594657023115407,-99,3.9674667724657815,11.680046702636888,0.11728185436070317,16.0,0.007330115897543948,0.25,0.02932046359017579,60.95334686385927,0,-3.05,1,12.944242549208806,1.3181397353770623,3.21490833582052
128,640001,7.5,3.1622776601683795,7.9999999992,0.25,,0.0,0,5.14,0.25,6.000000000777112,2.0,7.0,2.0,7.0,0.4594657023115407,-99,0.09999999999999998,73.57008002103764,0.002956089139161522,16.0,0.00018475557119759513,0.25,0.0007390222847903805,6.9999999993,0,-3.05,1,10.077549021911024,1.3181397353770623,3.21490833582052
129,640564,3.5,0.4864164174089427,5.49999999945,0.25,5.0,53.616713619413055,26,3.46,0.25,6.0000000006,6.0,12.0,6.0,12.0,0.4517937507666159,-99,4.226526054844189,24.759162037581376,0.06525114052727984,16.0,0.0016312785131819957,0.1,0.006525114052727983,54.94317045226052,0,-3.05,1,8.806736835104559,1.3181397353770623,3.21490833582052
130,640564,4.0,0.315881646899904,5.49999999945,0.25,5.0,69.22109177665679,35,3.46,0.25,6.0000000006,6.0,12.0,6.0,12.0,0.4517937507666159,-99,10.021926487078478,16.078743645113242,0.15472331770270686,16.0,0.0038680829425676707,0.1,0.015472331770270683,70.25353761023243,0,-3.05,1,9.632338003854985,1.3181397353770623,3.21490833582052
131,640564,4.5,0.2199595321866969,5.49999999945,0.25,5.0,62.98451803272149,12,3.46,0.25,6.0000000006,6.0,12.0,6.0,12.0,0.4517937507666159,-99,20.668760139330615,11.196196312885593,0.31909425255532237,16.0,0.007977356313883058,0.1,0.03190942525553223,64.11746651119505,0,-3.05,1,10.01127787859983,1.3181397353770623,3.21490833582052
132,640564,5.0,0.18332121172048438,5.49999999945,0.25,5.0,66.96755241372273,15,3.46,0.25,6.0000000006,6.0,12.0,6.0,12.0,0.4517937507666159,-99,29.75600079349336,9.331263138878148,0.459387441154119,16.0,0.011484686028852975,0.1,0.0459387441154119,68.03420519330479,0,-3.05,1,10.58981831235513,1.3181397353770623,3.21490833582052
133,640564,5.0,3.1622776601683795,5.49999999945,0.25,,0.0,0,3.46,0.25,6.0000000006,6.0,12.0,6.0,12.0,0.4517937507666159,-99,0.09999999999999998,160.96361511192106,0.001543848060571942,16.0,3.859620151429855e-05,0.1,0.0001543848060571942,11.999999999999998,0,-3.05,1,8.291502800445254,1.3181397353770623,3.21490833582052
134,640566,3.0,1.3427693109845888,5.49999999945,0.25,5.0,37.18323119147968,46,4.1,0.25,6.75933073947343,6.0,12.0,6.0,12.0,0.48032853286492805,-99,0.554622119588724,35.73960815482339,0.03131557699416128,16.0,0.000782889424854032,0.1,0.003131557699416128,39.07163525897306,0,-3.05,1,7.8551778435935224,1.3181397353770623,3.21490833582052
135,640566,3.5,1.0863393879690428,5.49999999945,0.25,5.0,29.67822854949905,40,4.1,0.25,6.75933073947343,6.0,12.0,6.0,12.0,0.48032853286492805,-99,0.8473619284659676,28.91438144404378,0.047844517511263875,16.0,0.001196112937781597,0.1,0.004784451751126388,32.01245460453635,0,-3.05,1,8.091222875649805,1.3181397353770623,3.21490833582052
136,640566,4.0,0.5906933587125041,5.49999999945,0.25,5.0,41.63708588397638,52,4.1,0.25,6.75933073947343,6.0,12.0,6.0,12.0,0.48032853286492805,-99,2.8659976103840674,15.722096869015886,0.1618225556882193,16.0,0.0040455638922054825,0.1,0.01618225556882193,43.33182341975497,0,-3.05,1,8.992261242326851,1.3181397353770623,3.21490833582052
137,640566,4.5,0.43275253306732564,5.49999999945,0.25,5.0,40.46643187886458,8,4.1,0.25,6.75933073947343,6.0,12.0,6.0,12.0,0.48032853286492805,-99,5.339748011744196,11.518289726544829,0.3014976938085227,16.0,0.007537442345213068,0.1,0.030149769380852273,42.20819954674669,0,-3.05,1,9.457460322579625,1.3181397353770623,3.21490833582052
138,640566,5.0,0.3534868351890864,5.49999999945,0.25,5.0,46.67851419127196,18,4.1,0.25,6.75933073947343,6.0,12.0,6.0,12.0,0.48032853286492805,-99,8.003012804468941,9.408526747072475,0.4518733653274601,16.0,0.011296834133186502,0.1,0.04518733653274601,48.19630366611092,0,-3.05,1,10.133191882710422,1.3181397353770623,3.21490833582052
139,640566,5.0,3.1622776601683795,5.49999999945,0.25,,0.0,0,4.1,0.25,6.75933073947343,6.0,12.0,6.0,12.0,0.48032853286492805,-99,0.09999999999999998,84.16826593117361,0.00564629067037267,16.0,0.00014115726675931675,0.1,0.000564629067037267,11.9999999988,0,-3.05,1,8.291502800312795,1.3181397353770623,3.21490833582052
140,640567,4.0,0.33688914321771657,5.49999999945,0.25,5.0,58.62900009358484,24,3.74,0.25,6.000000002633675,6.0,12.0,6.0,12.0,0.8885618562880438,-99,8.811015581037745,12.935610640334378,0.2390485542839866,16.0,0.005976213857099664,0.1,0.023904855428398656,59.8444621660582,0,-3.05,1,9.419923103140814,1.3181397353770623,3.21490833582052
141,640567,4.5,0.3511402095251809,5.49999999945,0.25,5.0,60.26492507166407,8,3.74,0.25,6.000000002633675,6.0,12.0,6.0,12.0,0.8885618562880438,-99,8.110336472676877,13.482812141701285,0.22003867666770724,16.0,0.0055009669166926805,0.1,0.022003867666770722,61.44803653384284,0,-3.05,1,9.954949431451977,1.3181397353770623,3.21490833582052
142,640567,5.0,0.2245217138719549,5.49999999945,0.25,5.0,61.58554111815607,10,3.74,0.25,6.000000002633675,6.0,12.0,6.0,12.0,0.8885618562880438,-99,19.837333862328908,8.6210123698502,0.5381997043387345,16.0,0.013454992608468361,0.1,0.053819970433873446,62.743755663709614,0,-3.05,1,10.482590057875406,1.3181397353770623,3.21490833582052
143,640567,5.0,3.1622776601683795,5.49999999945,0.25,,0.0,0,3.74,0.25,6.000000002633675,6.0,12.0,6.0,12.0,0.8885618562880438,-99,0.09999999999999998,121.4227094345099,0.0027130647095715593,16.0,6.782661773928897e-05,0.1,0.0002713064709571559,11.9999999988,0,-3.05,1,8.291502800312795,1.3181397353770623,3.21490833582052
144,650501,3.0,1.109990122787309,5.49999999945,0.25,5.0,25.1540770423592,15,4.0,0.25,7.50000000075,7.5,10.0,7.5,10.0,0.5070788278453466,-99,0.8116368777024351,27.747478620344317,0.05195327630295841,16.0,0.0012988319075739603,0.1,0.005195327630295841,27.0689414611991,0,-3.05,1,7.369037382317499,1.3181397353770623,3.21490833582052
145,650501,3.5,0.7854184482920994,5.49999999945,0.25,5.0,19.223804113992536,11,4.0,0.25,7.50000000075,7.5,10.0,7.5,10.0,0.5070788278453466,-99,1.621055201492266,19.633851828594135,0.10376454187725104,16.0,0.002594113546931276,0.1,0.010376454187725105,21.669209597722702,0,-3.05,1,7.574321364596781,1.3181397353770623,3.21490833582052
146,650501,4.0,0.561560326026942,5.49999999945,0.25,5.0,21.79130502180055,14,4.0,0.25,7.50000000075,7.5,10.0,7.5,10.0,0.5070788278453466,-99,3.1710797549938876,14.03785747330644,0.20298237699139582,16.0,0.005074559424784896,0.1,0.020298237699139583,23.976258559876083,0,-3.05,1,8.208333310848014,1.3181397353770623,3.21490833582052
147,650501,5.0,0.3175216528049701,5.49999999945,0.25,5.0,20.0276720419675,5,4.0,0.25,7.50000000075,7.5,10.0,7.5,10.0,0.5070788278453466,-99,9.918666931164456,7.937390695494063,0.6348987555746908,16.0,0.01587246888936727,0.1,0.06348987555746909,22.385433821963066,0,-3.05,1,9.117394821597385,1.3181397353770623,3.21490833582052
148,650501,5.0,3.1622776601683795,5.49999999945,0.25,,0.0,0,4.0,0.25,7.50000000075,7.5,10.0,7.5,10.0,0.5070788278453466,-99,0.09999999999999998,79.0504617705755,0.006401049253704028,16.0,0.00016002623134260072,0.1,0.0006401049253704029,9.999999998844064,0,-3.05,1,8.049999999846886,1.3181397353770623,3.21490833582052
149,650505,3.0,0.5866980417427515,6.499999994596587,0.25,6.0,52.86553772205961,59,4.57,0.25,9.999999926525525,4.0,10.0,4.0,10.0,0.2552483015929888,-99,2.905164460497902,13.670648060444414,0.14982346109548306,16.0,0.005350837896267252,0.14285714285714285,0.021403351585069008,53.111783888924414,0,-3.05,1,8.261832209938827,1.3181397353770623,3.21490833582052
150,650505,3.5,0.4302007485783271,6.499999994596587,0.25,6.0,42.95577745293772,64,4.57,0.25,9.999999926525525,4.0,10.0,4.0,10.0,0.2552483015929888,-99,5.403282526458848,10.024105435369304,0.2786549609835402,16.0,0.009951962892269293,0.14285714285714285,0.03980785156907717,43.25847114505569,0,-3.05,1,8.490017057512663,1.3181397353770623,3.21490833582052
151,650505,4.0,0.5464536897743569,6.499999994596587,0.25,6.0,38.81890350662445,111,4.57,0.25,9.999999926525525,4.0,10.0,4.0,10.0,0.2552483015929888,-99,3.348831333287629,12.73291462171273,0.1727039924246368,16.0,0.006167999729451314,0.14285714285714285,0.024671998917805256,39.153592155483295,0,-3.05,1,8.857953418645973,1.3181397353770623,3.21490833582052
152,650505,4.5,0.6243742481235652,6.499999994596587,0.25,6.0,29.93140979752692,76,4.57,0.25,9.999999926525525,4.0,10.0,4.0,10.0,0.2552483015929888,-99,2.5651338681508613,14.548541152016401,0.13228760007402138,16.0,0.004724557145500763,0.14285714285714285,0.018898228582003053,30.364219102239296,0,-3.05,1,9.02120445547346,1.3181397353770623,3.21490833582052
153,650505,5.0,0.7946449622320404,6.499999994596587,0.25,6.0,18.042355470736034,73,4.57,0.25,9.999999926525525,4.0,10.0,4.0,10.0,0.2552483015929888,-99,1.583630039088289,18.516018187840803,0.08167005234200024,16.0,0.0029167875836428655,0.14285714285714285,0.011667150334571462,18.751615934465534,0,-3.05,1,8.882768032946661,1.3181397353770623,3.21490833582052
154,650505,5.5,0.7625894994806358,6.499999994596587,0.25,6.0,9.806691090068691,22,4.57,0.25,9.999999926525525,4.0,10.0,4.0,10.0,0.2552483015929888,-99,1.7195640545471844,17.76909401473902,0.08868036275766882,16.0,0.003167155812773886,0.14285714285714285,0.012668623251095544,11.057472557385607,0,-3.05,1,8.683150404121905,1.3181397353770623,3.21490833582052
155,650505,6.0,0.7527146054195499,6.499999994596587,0.25,6.0,6.477405386932331,22,4.57,0.25,9.999999926525525,4.0,10.0,4.0,10.0,0.2552483015929888,-99,1.7649780714199785,17.53899915888731,0.09102242816658015,16.0,0.003250801005949291,0.14285714285714285,0.013003204023797165,8.249441785233904,0,-3.05,1,8.795094914559236,1.3181397353770623,3.21490833582052
156,650505,6.0,3.1622776601683795,6.499999994596587,0.25,,0.0,0,4.57,0.25,9.999999926525525,4.0,10.0,4.0,10.0,0.2552483015929888,-99,0.09999999999999998,73.68421553471404,0.005157142156069385,16.0,0.00018418364843104945,0.14285714285714285,0.0007367345937241978,5.108474255715023,0,-3.05,1,8.160288187707852,1.3181397353770623,3.21490833582052
157,738,3.0,1.06668984485626,5.879658176949161,0.5,5.5,59.25603084408886,48,4.48,0.25,9.999999971120717,8.0,10.0,8.0,10.0,0.381144095298777,-99,0.8788680547655201,19.662253729787942,0.07242548949510602,16.0,0.002586624624825215,0.14285714285714285,0.01034649849930086,59.793621661475825,0,-3.05,1,8.418797320426465,1.3181397353770623,3.21490833582052
158,738,3.5,1.2747953200062598,5.879658176949161,0.5,5.5,33.783197514193475,5,4.48,0.25,9.999999971120717,8.0,10.0,8.0,10.0,0.381144095298777,-99,0.6153455710795833,23.498254114237803,0.05070920936587536,16.0,0.0018110431916384057,0.14285714285714285,0.007244172766553623,34.71749464294779,0,-3.05,1,8.198672550341328,1.3181397353770623,3.21490833582052
159,738,4.0,1.219957931199588,5.879658176949161,0.5,5.5,43.77575854031462,16,4.48,0.25,9.999999971120717,8.0,10.0,8.0,10.0,0.381144095298777,-99,0.6719087401329582,22.487438591998433,0.05537044967819742,16.0,0.001977516059935622,0.14285714285714285,0.007910064239742488,44.500753204637206,0,-3.05,1,9.027520453380394,1.3181397353770623,3.21490833582052
160,738,4.5,0.5020458146424487,5.879658176949161,0.5,5.5,14.613590443469349,2,4.48,0.25,9.999999971120717,8.0,10.0,8.0,10.0,0.381144095298777,-99,3.9674667724657815,9.254191590066286,0.3269497867095258,16.0,0.011676778096768778,0.14285714285714285,0.04670711238707511,16.660042786546466,0,-3.05,1,8.226112142921089,1.3181397353770623,3.21490833582052
161,738,5.5,0.4099186911246343,5.879658176949161,0.5,5.5,10.793454785023133,3,4.48,0.25,9.999999971120717,8.0,10.0,8.0,10.0,0.381144095298777,-99,5.95120015869867,7.55601579253924,0.4904246800642885,16.0,0.017515167145153162,0.14285714285714285,0.07006066858061265,13.434979203424138,0,-3.05,1,8.94112284544575,1.3181397353770623,3.21490833582052
162,738,5.5,4.47213595499958,5.879658176949161,0.5,,0.0,0,4.48,0.25,9.999999971120717,8.0,10.0,8.0,10.0,0.381144095298777,-99,0.04999999999999999,82.43471360052031,0.004120384687006797,16.0,0.00014715659596452847,0.14285714285714285,0.0005886263838581139,8.000000000006269,0,-3.05,1,8.254424460326465,1.3181397353770623,3.21490833582052
163,740150,3.0,0.5706612423350147,6.13580952370315,0.25,6.0,83.08090376156437,190,4.19,0.25,7.0000000007,7.0,13.0,7.0,13.0,0.23659889491363448,-99,3.0707414051625044,15.472998341515318,0.16707483209895274,16.0,0.004176870802473818,0.1,0.016707483209895273,83.47644998114475,0,-3.05,1,8.860770112959553,1.3181397353770623,3.21490833582052
164,740150,3.5,0.7080587521828821,6.13580952370315,0.25,6.0,61.189990440186904,89,4.19,0.25,7.0000000007,7.0,13.0,7.0,13.0,0.23659889491363448,-99,1.9946256943209413,19.19841595233024,0.10852485084503316,16.0,0.002713121271125829,0.1,0.010852485084503316,61.72597558310768,0,-3.05,1,8.960927286268827,1.3181397353770623,3.21490833582052
165,740150,4.0,0.8372845030946502,6.13580952370315,0.25,6.0,32.114866334622036,91,4.19,0.25,7.0000000007,7.0,13.0,7.0,13.0,0.23659889491363448,-99,1.4264412644862114,22.702263210919806,0.0776107145858606,16.0,0.0019402678646465148,0.1,0.007761071458586059,33.1247003202577,0,-3.05,1,8.636463471573268,1.3181397353770623,3.21490833582052
166,740150,4.5,0.4553771256519718,6.13580952370315,0.25,6.0,26.61622883919442,24,4.19,0.25,7.0000000007,7.0,13.0,7.0,13.0,0.23659889491363448,-99,4.822337222635849,12.347166737916448,0.26237676036213714,16.0,0.0065594190090534285,0.1,0.026237676036213714,27.826332299399535,0,-3.05,1,8.905590699740584,1.3181397353770623,3.21490833582052
167,740150,5.0,0.7110629997397316,6.13580952370315,0.25,6.0,19.326242055693772,37,4.19,0.25,7.0000000007,7.0,13.0,7.0,13.0,0.23659889491363448,-99,1.9778066768604792,19.27987359132186,0.10760975115166534,16.0,0.0026902437787916338,0.1,0.010760975115166535,20.961506711386654,0,-3.05,1,9.030338614280755,1.3181397353770623,3.21490833582052
168,740150,5.5,0.7405720151801606,6.13580952370315,0.25,6.0,12.742551370132249,12,4.19,0.25,7.0000000007,7.0,13.0,7.0,13.0,0.23659889491363448,-99,1.823330540061459,20.079985659737847,0.09920491622300572,16.0,0.002480122905575143,0.1,0.009920491622300572,15.108068938044342,0,-3.05,1,9.096587321422968,1.3181397353770623,3.21490833582052
169,740150,6.0,0.5621745202391263,6.13580952370315,0.25,6.0,3.2489268797964064,3,4.19,0.25,7.0000000007,7.0,13.0,7.0,13.0,0.23659889491363448,-99,3.1641545215617644,15.2428880288239,0.1721573117607074,16.0,0.004303932794017685,0.1,0.01721573117607074,8.742806041912669,0,-3.05,1,8.872035073361468,1.3181397353770623,3.21490833582052
170,740150,6.0,3.1622776601683795,6.13580952370315,0.25,,0.0,0,4.19,0.25,7.0000000007,7.0,13.0,7.0,13.0,0.23659889491363448,-99,0.09999999999999998,85.74249197472443,0.005440862972638071,16.0,0.0001360215743159518,0.1,0.0005440862972638072,8.116719264348193,0,-3.05,1,8.773610601677266,1.3181397353770623,3.21490833582052
171,740153,3.0,0.466334461870341,7.23320115138789,0.25,7.0,80.79253676106998,221,4.56,0.25,3.49999999965,1.0,3.5,1.0,3.5,0.1670764040530942,-99,4.598381280082615,15.077536782366854,0.12316781528128123,16.0,0.004398850545760044,0.14285714285714285,0.017595402183040176,80.86831267755393,0,-3.05,1,8.818724063951324,1.3181397353770623,3.21490833582052
172,740153,3.5,0.45936668143072423,7.23320115138789,0.25,7.0,67.8927343567801,78,4.56,0.25,3.49999999965,1.0,3.5,1.0,3.5,0.1670764040530942,-99,4.738937882887854,14.852254341415733,0.12693262916608575,16.0,0.004533308184503062,0.14285714285714285,0.018133232738012248,67.98289032886211,0,-3.05,1,9.088818855948736,1.3181397353770623,3.21490833582052
173,740153,4.0,0.4430504487986969,7.23320115138789,0.25,7.0,39.549630778356175,126,4.56,0.25,3.49999999965,1.0,3.5,1.0,3.5,0.1670764040530942,-99,5.094406998692797,14.324717524444555,0.136453882782723,16.0,0.004873352956525821,0.14285714285714285,0.019493411826103285,39.70419743213661,0,-3.05,1,8.876451086358621,1.3181397353770623,3.21490833582052
174,740153,4.5,0.3869832976877912,7.23320115138789,0.25,7.0,26.49042745850903,31,4.56,0.25,3.49999999965,1.0,3.5,1.0,3.5,0.1670764040530942,-99,6.677525538978238,12.511953076870356,0.17885777233899433,16.0,0.0063877775835355114,0.14285714285714285,0.025551110334142046,26.720642693623866,0,-3.05,1,8.851883044151592,1.3181397353770623,3.21490833582052
175,740153,5.0,0.6928444201867333,7.23320115138789,0.25,7.0,18.28865389890953,43,4.56,0.25,3.49999999965,1.0,3.5,1.0,3.5,0.1670764040530942,-99,2.083188419004865,22.401062078760987,0.05579828003811936,16.0,0.00199279571564712,0.14285714285714285,0.00797118286258848,18.6205494134809,0,-3.05,1,8.873477097621874,1.3181397353770623,3.21490833582052
176,740153,5.5,0.7425141423001337,7.23320115138789,0.25,7.0,12.339375382690415,24,4.56,0.25,3.49999999965,1.0,3.5,1.0,3.5,0.1670764040530942,-99,1.8138047724846003,24.006984701616506,0.04858282894925058,16.0,0.0017351010339018065,0.14285714285714285,0.006940404135607226,12.826152340461714,0,-3.05,1,8.879694001307566,1.3181397353770623,3.21490833582052
177,740153,6.0,0.9403802395200211,7.23320115138789,0.25,7.0,7.153068848485436,15,4.56,0.25,3.49999999965,1.0,3.5,1.0,3.5,0.1670764040530942,-99,1.1308187758774813,30.404396007765506,0.03028902338028391,16.0,0.0010817508350101396,0.14285714285714285,0.0043270033400405585,7.963441026149314,0,-3.05,1,8.7483573430371,1.3181397353770623,3.21490833582052
178,740153,6.5,0.355,7.23320115138789,0.25,7.0,5.154455299896938,4,4.56,0.25,3.49999999965,1.0,3.5,1.0,3.5,0.1670764040530942,-99,7.934933544931561,11.477868344262411,0.21253749300097488,16.0,0.007590624750034817,0.14285714285714285,0.030362499000139268,6.2304420761628885,0,-3.05,1,8.923282531476012,1.3181397353770623,3.21490833582052
179,740153,7.0,0.562341174422342,7.23320115138789,0.25,7.0,1.9677056225895664,3,4.56,0.25,3.49999999965,1.0,3.5,1.0,3.5,0.1670764040530942,-99,3.1622793558306794,18.181628069232524,0.08470177130674221,16.0,0.003025063260955079,0.14285714285714285,0.012100253043820315,4.01520415956099,0,-3.05,1,8.841308279377264,1.3181397353770623,3.21490833582052
180,740153,7.0,3.1622776601683795,7.23320115138789,0.25,,0.0,0,4.56,0.25,3.49999999965,1.0,3.5,1.0,3.5,0.1670764040530942,-99,0.09999999999999998,102.24283563778832,0.002678503755544785,16.0,9.566084841231375e-05,0.14285714285714285,0.000382643393649255,3.4999998608264664,0,-3.05,1,8.659407482597194,1.3181397353770623,3.21490833582052
181,740155,3.0,0.8213518891946195,4.7351236673508525,0.25,4.5,19.59466575943314,6,3.36,0.25,2.1728595544254494,2.0,8.0,2.0,8.0,0.24769846889714417,-99,1.482318330589773,21.754561053621565,0.08451997143382714,16.0,0.0021129992858456782,0.1,0.008451997143382713,20.024242488653282,0,-3.05,1,6.9697460922857974,1.3181397353770623,3.21490833582052
182,740155,3.5,0.4085364355235534,4.7351236673508525,0.25,4.5,8.892367543100343,5,3.36,0.25,2.1728595544254494,2.0,8.0,2.0,8.0,0.24769846889714417,-99,5.991539258129217,10.82061287755822,0.3416302129517963,16.0,0.008540755323794906,0.1,0.034163021295179626,9.802732350833123,0,-3.05,1,6.523608792337651,1.3181397353770623,3.21490833582052
183,740155,4.0,0.49918786298208473,4.7351236673508525,0.25,4.5,5.255655394576187,5,3.36,0.25,2.1728595544254494,2.0,8.0,2.0,8.0,0.24769846889714417,-99,4.0130259201841225,13.221632512611718,0.2288178113551489,16.0,0.005720445283878722,0.1,0.022881781135514888,6.681412623616626,0,-3.05,1,6.515848294508134,1.3181397353770623,3.21490833582052
184,740155,4.5,0.4099186911246343,4.7351236673508525,0.25,4.5,3.1858614788460815,3,3.36,0.25,2.1728595544254494,2.0,8.0,2.0,8.0,0.24769846889714417,-99,5.95120015869867,10.85722369475,0.3393301270247879,16.0,0.008483253175619695,0.1,0.03393301270247878,5.212396222744505,0,-3.05,1,6.686964135252232,1.3181397353770623,3.21490833582052
185,740155,4.5,3.1622776601683795,4.7351236673508525,0.25,,0.0,0,3.36,0.25,2.1728595544254494,2.0,8.0,2.0,8.0,0.24769846889714417,-99,0.09999999999999998,83.75699055625576,0.005701877234439851,16.0,0.00014254693086099626,0.1,0.000570187723443985,4.125452826113254,0,-3.05,1,6.377188457446551,1.3181397353770623,3.21490833582052
186,880077,3.0,0.5774557877351564,6.392018769741652,0.25,6.5,141.11752850973537,1016,4.77,0.25,12.499999992126286,9.5,12.5,9.5,12.5,0.21914734209423972,-99,2.998903719657174,14.113456053443981,0.14056955849130118,16.0,0.0050203413746893275,0.14285714285714285,0.02008136549875731,141.55082082374753,0,-3.05,1,9.560282795879775,1.3181397353770623,3.21490833582052
187,880077,3.5,0.49773209865806467,6.392018769741652,0.25,6.5,98.04440568911042,616,4.77,0.25,12.499999992126286,9.5,12.5,9.5,12.5,0.21914734209423972,-99,4.036534805132333,12.164948815130499,0.18920711314369493,16.0,0.006757396897989104,0.14285714285714285,0.027029587591956415,98.66703355281118,0,-3.05,1,9.58222481726532,1.3181397353770623,3.21490833582052
188,880077,4.0,0.5184480580165309,6.392018769741652,0.25,6.5,72.8861710156222,1059,4.77,0.25,12.499999992126286,9.5,12.5,9.5,12.5,0.21914734209423972,-99,3.7203988023333774,12.671262524717456,0.1743886653071188,16.0,0.006228166618111385,0.14285714285714285,0.02491266647244554,73.7215840069869,0,-3.05,1,9.69616370704028,1.3181397353770623,3.21490833582052
189,880077,4.5,0.5276557452622567,6.392018769741652,0.25,6.5,43.71575796413749,217,4.77,0.25,12.499999992126286,9.5,12.5,9.5,12.5,0.21914734209423972,-99,3.591688445645862,12.896305362726048,0.16835554130442815,16.0,0.006012697903729576,0.14285714285714285,0.024050791614918306,45.09485023325558,0,-3.05,1,9.545087194167133,1.3181397353770623,3.21490833582052
190,880077,5.0,0.6567759890003886,6.392018769741652,0.25,6.5,28.27271676440611,211,4.77,0.25,12.499999992126286,9.5,12.5,9.5,12.5,0.21914734209423972,-99,2.3182777436570716,16.052101744567654,0.1086661358115685,16.0,0.003880933421841732,0.14285714285714285,0.015523733687366929,30.36156347128769,0,-3.05,1,9.521088602082978,1.3181397353770623,3.21490833582052
191,880077,5.5,0.6575716095977124,6.392018769741652,0.25,6.5,16.043239732294605,50,4.77,0.25,12.499999992126286,9.5,12.5,9.5,12.5,0.21914734209423972,-99,2.3126711948043632,16.0715473135169,0.10840333641200152,16.0,0.0038715477290000543,0.14285714285714285,0.015486190916000217,19.49008887328575,0,-3.05,1,9.433932149386902,1.3181397353770623,3.21490833582052
192,880077,6.0,0.8015169459562888,6.392018769741652,0.25,6.5,9.901765782797474,28,4.77,0.25,12.499999992126286,9.5,12.5,9.5,12.5,0.21914734209423972,-99,1.5565912412912695,19.58968016791775,0.07296311052118534,16.0,0.0026058253757566194,0.14285714285714285,0.010423301503026478,14.850016457838676,0,-3.05,1,9.573767151656558,1.3181397353770623,3.21490833582052
193,880077,6.5,1.196183772426158,6.392018769741652,0.25,6.5,4.502864512911232,6,4.77,0.25,12.499999992126286,9.5,12.5,9.5,12.5,0.21914734209423972,-99,0.6988825342183302,29.235635805458905,0.03275917417034751,16.0,0.0011699705060838395,0.14285714285714285,0.004679882024335358,11.947962671616278,0,-3.05,1,9.785746264127795,1.3181397353770623,3.21490833582052
194,880077,6.5,3.1622776601683795,6.392018769741652,0.25,,0.0,0,4.77,0.25,12.499999992126286,9.5,12.5,9.5,12.5,0.21914734209423972,-99,0.09999999999999998,77.28845694078218,0.0046873648383540184,16.0,0.00016740588708407208,0.14285714285714285,0.0006696235483362883,11.066978954561206,0,-3.05,1,9.68428870642679,1.3181397353770623,3.21490833582052
