,EVID,I,StdI,Io,Io_std,Io_ini,Depi,Ndata,Mag,StdM,Depth,Hmin,Hmax,Hmin_ini,Hmax_ini,StdIo_inv,RegID,Poids_int,eqStd,Poids_int_norm,Poids_evt,Poids,Poids_evt_norm,poids_grp,Hypo,C1,C2,beta,gamma
0,408,3.0,0.975975444262608,5.999999999296361,0.5,5.0,27.74468146098233,89,3.92,0.25,7.956228515254961,6.0,12.0,6.0,12.0,0.427106783509685,-99,1.049837830297084,18.65364869299583,0.11495620140103649,16.0,0.0028739050350259127,0.1,0.01149562014010365,,2.1200616418016778,1.1308267423868095,-1.8056765598666877,0
1,408,3.5,1.754396576439825,5.999999999296361,0.5,5.0,15.964563023954335,5,3.92,0.25,7.956228515254961,6.0,12.0,6.0,12.0,0.427106783509685,-99,0.3248960696744183,33.53147622461848,0.03557579746324117,16.0,0.0008893949365810294,0.1,0.0035575797463241175,,2.1200616418016778,1.1308267423868095,-1.8056765598666877,0
2,408,4.0,1.1123351668630903,5.999999999296361,0.5,5.0,25.8571965528896,23,3.92,0.25,7.956228515254961,6.0,12.0,6.0,12.0,0.427106783509685,-99,0.8082182715161567,21.259868323025117,0.08849909930385841,16.0,0.0022124774825964606,0.1,0.008849909930385843,,2.1200616418016778,1.1308267423868095,-1.8056765598666877,0
3,408,4.5,0.5918961738535328,5.999999999296361,0.5,5.0,31.480778647619776,4,3.92,0.25,7.956228515254961,6.0,12.0,6.0,12.0,0.427106783509685,-99,2.8543612362652375,11.3128084878551,0.3125497249937779,16.0,0.00781374312484445,0.1,0.0312549724993778,,2.1200616418016778,1.1308267423868095,-1.8056765598666877,0
4,408,5.0,0.4971993710018899,5.999999999296361,0.5,5.0,20.157588905511417,6,3.92,0.25,7.956228515254961,6.0,12.0,6.0,12.0,0.427106783509685,-99,4.045189384633373,9.502884987086027,0.4429442264179575,16.0,0.01107360566044894,0.1,0.04429442264179576,,2.1200616418016778,1.1308267423868095,-1.8056765598666877,0
5,408,5.0,4.47213595499958,5.999999999296361,0.5,,0.0,0,3.92,0.25,7.956228515254961,6.0,12.0,6.0,12.0,0.427106783509685,-99,0.04999999999999999,85.47515565302596,0.005474950420128509,16.0,0.00013687376050321276,0.1,0.000547495042012851,9.0,2.1200616418016778,1.1308267423868095,-1.8056765598666877,0
6,503,3.0,0.2948137999504461,5.9999999994,0.5,5.0,66.03774986927421,34,3.62,0.25,12.26363509579647,7.0,13.0,7.0,13.0,0.31004297409446147,-99,11.505470490244916,11.14783639839625,0.32186875359275136,16.0,0.008046718839818784,0.1,0.032186875359275134,,2.1200616418016778,1.1308267423868095,-1.8056765598666877,0
7,503,3.5,0.71,5.9999999994,0.5,5.0,84.0079822012813,1,3.62,0.25,12.26363509579647,7.0,13.0,7.0,13.0,0.31004297409446147,-99,1.9837333862328903,26.847331584178644,0.05549549607975368,16.0,0.0013873874019938422,0.1,0.005549549607975369,,2.1200616418016778,1.1308267423868095,-1.8056765598666877,0
8,503,4.0,0.24802795126657823,5.9999999994,0.5,5.0,65.91555159813126,24,3.62,0.25,12.26363509579647,7.0,13.0,7.0,13.0,0.31004297409446147,-99,16.255440697556928,9.378716408166659,0.4547504981095438,16.0,0.011368762452738596,0.1,0.045475049810954384,,2.1200616418016778,1.1308267423868095,-1.8056765598666877,0
9,503,4.5,0.5020458146424487,5.9999999994,0.5,5.0,74.15747509658223,2,3.62,0.25,12.26363509579647,7.0,13.0,7.0,13.0,0.31004297409446147,-99,3.9674667724657815,18.983930219936493,0.11099099215950739,16.0,0.002774774803987685,0.1,0.01109909921595074,,2.1200616418016778,1.1308267423868095,-1.8056765598666877,0
10,503,5.0,0.71,5.9999999994,0.5,5.0,66.39010218242034,1,3.62,0.25,12.26363509579647,7.0,13.0,7.0,13.0,0.31004297409446147,-99,1.9837333862328903,26.847331584178644,0.05549549607975368,16.0,0.0013873874019938422,0.1,0.005549549607975369,,2.1200616418016778,1.1308267423868095,-1.8056765598666877,0
11,503,5.0,4.47213595499958,5.9999999994,0.5,,0.0,0,3.62,0.25,12.26363509579647,7.0,13.0,7.0,13.0,0.31004297409446147,-99,0.04999999999999999,169.1055167231002,0.0013987639786901913,16.0,3.496909946725478e-05,0.1,0.00013987639786901913,10.0,2.1200616418016778,1.1308267423868095,-1.8056765598666877,0
12,572,3.0,0.553795878347148,4.564750237553505,0.5,4.5,25.277662193582515,48,3.72,0.25,15.994218092095434,10.0,16.0,10.0,16.0,0.4597383556458158,-99,3.2606228047466366,13.90764606102029,0.20680104640997976,16.0,0.0051700261602494945,0.1,0.020680104640997978,,2.1200616418016778,1.1308267423868095,-1.8056765598666877,0
13,572,3.5,0.6809462268336584,4.564750237553505,0.5,4.5,14.42368560834934,8,3.72,0.25,15.994218092095434,10.0,16.0,10.0,16.0,0.4597383556458158,-99,2.1566236549369564,17.10081183279093,0.13678123943199652,16.0,0.003419530985799913,0.1,0.013678123943199652,,2.1200616418016778,1.1308267423868095,-1.8056765598666877,0
14,572,4.0,0.6502870154377233,4.564750237553505,0.5,4.5,18.961291288140472,26,3.72,0.25,15.994218092095434,10.0,16.0,10.0,16.0,0.4597383556458158,-99,2.3647750536416776,16.330857636170172,0.14998298941705254,16.0,0.003749574735426314,0.1,0.014998298941705256,,2.1200616418016778,1.1308267423868095,-1.8056765598666877,0
15,572,4.5,0.355,4.564750237553505,0.5,4.5,22.688264226610148,4,3.72,0.25,15.994218092095434,10.0,16.0,10.0,16.0,0.4597383556458158,-99,7.934933544931561,8.915224082919773,0.5032635353886037,16.0,0.012581588384715093,0.1,0.05032635353886037,,2.1200616418016778,1.1308267423868095,-1.8056765598666877,0
16,572,4.5,4.47213595499958,4.564750237553505,0.5,,0.0,0,3.72,0.25,15.994218092095434,10.0,16.0,10.0,16.0,0.4597383556458158,-99,0.04999999999999999,112.31012441719342,0.0031711893523674382,16.0,7.927973380918597e-05,0.1,0.00031711893523674387,13.0,2.1200616418016778,1.1308267423868095,-1.8056765598666877,0
17,738,3.0,1.06668984485626,5.852838969371128,0.5,5.5,59.25603084408886,48,4.48,0.25,8.05932446028999,8.0,10.0,8.0,10.0,0.3837026281804827,-99,0.8788680547655201,19.662253729787942,0.07242548949510602,16.0,0.002586624624825215,0.14285714285714285,0.01034649849930086,,2.1200616418016778,1.1308267423868095,-1.8056765598666877,0
18,738,3.5,1.2747953200062598,5.852838969371128,0.5,5.5,33.783197514193475,5,4.48,0.25,8.05932446028999,8.0,10.0,8.0,10.0,0.3837026281804827,-99,0.6153455710795833,23.498254114237803,0.05070920936587536,16.0,0.0018110431916384057,0.14285714285714285,0.007244172766553623,,2.1200616418016778,1.1308267423868095,-1.8056765598666877,0
19,738,4.0,1.219957931199588,5.852838969371128,0.5,5.5,43.77575854031462,16,4.48,0.25,8.05932446028999,8.0,10.0,8.0,10.0,0.3837026281804827,-99,0.6719087401329582,22.487438591998433,0.05537044967819742,16.0,0.001977516059935622,0.14285714285714285,0.007910064239742488,,2.1200616418016778,1.1308267423868095,-1.8056765598666877,0
20,738,4.5,0.5020458146424487,5.852838969371128,0.5,5.5,14.613590443469349,2,4.48,0.25,8.05932446028999,8.0,10.0,8.0,10.0,0.3837026281804827,-99,3.9674667724657815,9.254191590066286,0.3269497867095258,16.0,0.011676778096768778,0.14285714285714285,0.04670711238707511,,2.1200616418016778,1.1308267423868095,-1.8056765598666877,0
21,738,5.5,0.4099186911246343,5.852838969371128,0.5,5.5,10.793454785023133,3,4.48,0.25,8.05932446028999,8.0,10.0,8.0,10.0,0.3837026281804827,-99,5.95120015869867,7.55601579253924,0.4904246800642885,16.0,0.017515167145153162,0.14285714285714285,0.07006066858061265,,2.1200616418016778,1.1308267423868095,-1.8056765598666877,0
22,738,5.5,4.47213595499958,5.852838969371128,0.5,,0.0,0,4.48,0.25,8.05932446028999,8.0,10.0,8.0,10.0,0.3837026281804827,-99,0.04999999999999999,82.43471360052031,0.004120384687006797,16.0,0.00014715659596452847,0.14285714285714285,0.0005886263838581139,8.8,2.1200616418016778,1.1308267423868095,-1.8056765598666877,0
23,1779,4.0,1.1399734738004839,5.49999999425374,0.5,4.5,23.46675571431542,23,4.38,0.25,10.999999998902384,5.0,11.0,5.0,11.0,0.7076735068058567,-99,0.7695033385783832,13.197878301452267,0.16074955989448078,16.0,0.00574105571051717,0.14285714285714285,0.02296422284206868,,2.1200616418016778,1.1308267423868095,-1.8056765598666877,0
24,1779,4.5,0.5020458146424487,5.49999999425374,0.5,4.5,33.81778062466932,2,4.38,0.25,10.999999998902384,5.0,11.0,5.0,11.0,0.7076735068058567,-99,3.9674667724657815,5.8123629327222055,0.8288054198024588,16.0,0.029600193564373527,0.14285714285714285,0.11840077425749411,,2.1200616418016778,1.1308267423868095,-1.8056765598666877,0
25,1779,4.5,4.47213595499958,5.49999999425374,0.5,,0.0,0,4.38,0.25,10.999999998902384,5.0,11.0,5.0,11.0,0.7076735068058567,-99,0.04999999999999999,51.77550832376958,0.010445020303060482,16.0,0.0003730364393950172,0.14285714285714285,0.0014921457575800688,8.4,2.1200616418016778,1.1308267423868095,-1.8056765598666877,0
26,3527,2.0,0.472980665876636,6.2313303496952726,0.5,6.0,121.03699716893074,55,4.93,0.25,8.010549731626714,8.0,10.0,8.0,10.0,0.3035947256040457,-99,4.470058669474515,7.874340944322275,0.25804268527073604,16.0,0.016127667829421006,0.25,0.06451067131768402,,2.1200616418016778,1.1308267423868095,-1.8056765598666877,0
27,3527,3.0,0.5761627790536489,6.2313303496952726,0.5,6.0,93.18209697591087,73,4.93,0.25,8.010549731626714,8.0,10.0,8.0,10.0,0.3035947256040457,-99,3.0123789377619836,9.592151411279847,0.1738953350794586,16.0,0.010868458442466164,0.25,0.043473833769864655,,2.1200616418016778,1.1308267423868095,-1.8056765598666877,0
28,3527,3.5,1.1002924113986112,6.2313303496952726,0.5,6.0,54.397582267550185,10,4.93,0.25,8.010549731626714,8.0,10.0,8.0,10.0,0.3035947256040457,-99,0.8260070701082205,18.31803752431386,0.047682837784407635,16.0,0.0029801773615254776,0.25,0.01192070944610191,,2.1200616418016778,1.1308267423868095,-1.8056765598666877,0
29,3527,4.0,0.9535471534487262,6.2313303496952726,0.5,6.0,46.446782823679065,34,4.93,0.25,8.010549731626714,8.0,10.0,8.0,10.0,0.3035947256040457,-99,1.0998049042495721,15.874973195419493,0.06348834137334633,16.0,0.0039680213358341465,0.25,0.015872085343336586,,2.1200616418016778,1.1308267423868095,-1.8056765598666877,0
30,3527,4.5,0.7477150091634073,6.2313303496952726,0.5,6.0,34.68815077826846,3,4.93,0.25,8.010549731626714,8.0,10.0,8.0,10.0,0.3035947256040457,-99,1.7886600333464624,12.448210542448228,0.10325382107242537,16.0,0.006453363817026586,0.25,0.025813455268106345,,2.1200616418016778,1.1308267423868095,-1.8056765598666877,0
31,3527,5.0,0.811576686678871,6.2313303496952726,0.5,6.0,28.43643070062698,6,4.93,0.25,8.010549731626714,8.0,10.0,8.0,10.0,0.3035947256040457,-99,1.518241554552002,13.511401193383378,0.08764339723359169,16.0,0.005477712327099481,0.25,0.021910849308397925,,2.1200616418016778,1.1308267423868095,-1.8056765598666877,0
32,3527,5.5,1.2061304759624656,6.2313303496952726,0.5,6.0,6.801060058203573,2,4.93,0.25,8.010549731626714,8.0,10.0,8.0,10.0,0.3035947256040457,-99,0.687402991305443,20.08006516178256,0.039681652267988025,16.0,0.002480103266749252,0.25,0.009920413066997008,,2.1200616418016778,1.1308267423868095,-1.8056765598666877,0
33,3527,6.0,0.5083030475042365,6.2313303496952726,0.5,6.0,10.066834709876996,3,4.93,0.25,8.010549731626714,8.0,10.0,8.0,10.0,0.3035947256040457,-99,3.870388610412581,8.46239981430944,0.22342558429765347,16.0,0.013964099018603343,0.25,0.055856396074413374,,2.1200616418016778,1.1308267423868095,-1.8056765598666877,0
34,3527,6.0,4.47213595499958,6.2313303496952726,0.5,,0.0,0,4.93,0.25,8.010549731626714,8.0,10.0,8.0,10.0,0.3035947256040457,-99,0.04999999999999999,74.45362104550355,0.002886345620392837,16.0,0.00018039660127455235,0.25,0.0007215864050982094,9.9,2.1200616418016778,1.1308267423868095,-1.8056765598666877,0
35,3534,3.0,0.629974779382387,5.374753714968908,0.5,5.0,26.918521477407516,13,4.2,0.25,6.944314994298546,1.0,7.0,1.0,7.0,0.5092203994210901,-99,2.519728068180534,11.58362716444348,0.29810609112195174,16.0,0.007452652278048795,0.1,0.02981060911219518,,2.1200616418016778,1.1308267423868095,-1.8056765598666877,0
36,3534,4.0,0.8941187291762298,5.374753714968908,0.5,5.0,14.749636939054822,18,4.2,0.25,6.944314994298546,1.0,7.0,1.0,7.0,0.5092203994210901,-99,1.2508626232224738,16.44055974697489,0.14798809913192804,16.0,0.0036997024782982014,0.1,0.014798809913192806,,2.1200616418016778,1.1308267423868095,-1.8056765598666877,0
37,3534,4.5,1.226835318094723,5.374753714968908,0.5,5.0,9.264774670773733,6,4.2,0.25,6.944314994298546,1.0,7.0,1.0,7.0,0.5092203994210901,-99,0.6643966899436595,22.55836802056271,0.07860399806415817,16.0,0.001965099951603955,0.1,0.00786039980641582,,2.1200616418016778,1.1308267423868095,-1.8056765598666877,0
38,3534,5.0,0.5020458146424487,5.374753714968908,0.5,5.0,12.994425455376074,2,4.2,0.25,6.944314994298546,1.0,7.0,1.0,7.0,0.5092203994210901,-99,3.9674667724657815,9.231340248237906,0.4693863699546089,16.0,0.011734659248865225,0.1,0.0469386369954609,,2.1200616418016778,1.1308267423868095,-1.8056765598666877,0
39,3534,5.0,4.47213595499958,5.374753714968908,0.5,,0.0,0,4.2,0.25,6.944314994298546,1.0,7.0,1.0,7.0,0.5092203994210901,-99,0.04999999999999999,82.23115786032665,0.005915441727352956,16.0,0.00014788604318382393,0.1,0.0005915441727352957,4.1,2.1200616418016778,1.1308267423868095,-1.8056765598666877,0
40,3599,3.0,0.7546270892120515,4.752693079019288,0.5,4.0,40.68402996711146,5,3.97,0.25,10.999999994983487,5.0,11.0,5.0,11.0,0.3641095252667263,-99,1.7560432884605568,13.960926640799714,0.2052255844893504,16.0,0.005130639612233761,0.1,0.020522558448935045,,2.1200616418016778,1.1308267423868095,-1.8056765598666877,0
41,3599,3.5,0.71,4.752693079019288,0.5,4.0,35.75662932349982,1,3.97,0.25,10.999999994983487,5.0,11.0,5.0,11.0,0.3641095252667263,-99,1.9837333862328903,13.135306241547388,0.23183531199710944,16.0,0.005795882799927737,0.1,0.02318353119971095,,2.1200616418016778,1.1308267423868095,-1.8056765598666877,0
42,3599,4.0,0.4580187327707409,4.752693079019288,0.5,4.0,14.026019158999533,6,3.97,0.25,10.999999994983487,5.0,11.0,5.0,11.0,0.3641095252667263,-99,4.766872306621459,8.473544111703012,0.5570956944746528,16.0,0.013927392361866322,0.1,0.05570956944746529,,2.1200616418016778,1.1308267423868095,-1.8056765598666877,0
43,3599,4.0,4.47213595499958,4.752693079019288,0.5,,0.0,0,3.97,0.25,10.999999994983487,5.0,11.0,5.0,11.0,0.3641095252667263,-99,0.04999999999999999,82.73644411655559,0.005843409038887143,16.0,0.00014608522597217859,0.1,0.0005843409038887143,10.0,2.1200616418016778,1.1308267423868095,-1.8056765598666877,0
44,3612,3.0,0.7882550375454842,5.872608119242529,0.5,6.0,83.93968565864044,314,3.97,0.25,8.945281739480034,5.0,15.0,5.0,15.0,0.28907568559876695,-99,1.6094092393207646,18.414698164294993,0.1179589184448588,16.0,0.0029489729611214704,0.1,0.011795891844485882,,2.1200616418016778,1.1308267423868095,-1.8056765598666877,0
45,3612,3.5,0.8923764302948007,5.872608119242529,0.5,6.0,62.04675513297424,55,3.97,0.25,8.945281739480034,5.0,15.0,5.0,15.0,0.28907568559876695,-99,1.2557518247093031,20.847113979733454,0.09203819852580374,16.0,0.002300954963145094,0.1,0.009203819852580376,,2.1200616418016778,1.1308267423868095,-1.8056765598666877,0
46,3612,4.0,1.012188338547122,5.872608119242529,0.5,6.0,36.57567590947517,92,3.97,0.25,8.945281739480034,5.0,15.0,5.0,15.0,0.28907568559876695,-99,0.9760618558643296,23.64608134672271,0.07153879699462248,16.0,0.0017884699248655624,0.1,0.0071538796994622495,,2.1200616418016778,1.1308267423868095,-1.8056765598666877,0
47,3612,4.5,0.6941932537368488,5.872608119242529,0.5,6.0,19.118996253803825,23,3.97,0.25,8.945281739480034,5.0,15.0,5.0,15.0,0.28907568559876695,-99,2.075100917174081,16.217288347511875,0.1520909995254499,16.0,0.003802274988136248,0.1,0.015209099952544993,,2.1200616418016778,1.1308267423868095,-1.8056765598666877,0
48,3612,5.0,0.6514327308285117,5.872608119242529,0.5,6.0,16.41783276325796,20,3.97,0.25,8.945281739480034,5.0,15.0,5.0,15.0,0.28907568559876695,-99,2.3564642135899363,15.218345004052415,0.17271304476069518,16.0,0.0043178261190173805,0.1,0.017271304476069522,,2.1200616418016778,1.1308267423868095,-1.8056765598666877,0
49,3612,5.5,0.5473977741403535,5.872608119242529,0.5,6.0,4.9663672052590675,2,3.97,0.25,8.945281739480034,5.0,15.0,5.0,15.0,0.28907568559876695,-99,3.337289989483384,12.787948451290275,0.24460100518775188,16.0,0.006115025129693798,0.1,0.02446010051877519,,2.1200616418016778,1.1308267423868095,-1.8056765598666877,0
50,3612,6.0,0.71,5.872608119242529,0.5,6.0,6.15849337074823,1,3.97,0.25,8.945281739480034,5.0,15.0,5.0,15.0,0.28907568559876695,-99,1.9837333862328903,16.586555205991967,0.1453943714289512,16.0,0.003634859285723781,0.1,0.014539437142895123,,2.1200616418016778,1.1308267423868095,-1.8056765598666877,0
51,3612,6.0,4.47213595499958,5.872608119242529,0.5,,0.0,0,3.97,0.25,8.945281739480034,5.0,15.0,5.0,15.0,0.28907568559876695,-99,0.04999999999999999,104.47511254408751,0.0036646651318667147,16.0,9.161662829666789e-05,0.1,0.00036646651318667157,10.0,2.1200616418016778,1.1308267423868095,-1.8056765598666877,0
52,3649,3.0,0.45383291626196415,4.4655700815492905,0.5,4.0,16.751118451441016,6,3.75,0.25,7.972611045339926,2.0,8.0,2.0,8.0,0.4693222979417928,-99,4.855209970298163,8.965282818945001,0.4976591604596982,16.0,0.012441479011492456,0.1,0.049765916045969825,,2.1200616418016778,1.1308267423868095,-1.8056765598666877,0
53,3649,3.5,1.0639393036156424,4.4655700815492905,0.5,4.0,14.15223573657364,3,3.75,0.25,7.972611045339926,2.0,8.0,2.0,8.0,0.4693222979417928,-99,0.8834181029800843,21.01768385966907,0.0905503807566471,16.0,0.0022637595189161776,0.1,0.00905503807566471,,2.1200616418016778,1.1308267423868095,-1.8056765598666877,0
54,3649,4.0,0.5020458146424487,4.4655700815492905,0.5,4.0,15.06058772193721,2,3.75,0.25,7.972611045339926,2.0,8.0,2.0,8.0,0.4693222979417928,-99,3.9674667724657815,9.917708819822817,0.406665457357309,16.0,0.010166636433932726,0.1,0.040666545735730905,,2.1200616418016778,1.1308267423868095,-1.8056765598666877,0
55,3649,4.0,4.47213595499958,4.4655700815492905,0.5,,0.0,0,3.75,0.25,7.972611045339926,2.0,8.0,2.0,8.0,0.4693222979417928,-99,0.04999999999999999,88.34520856614255,0.005125001426345485,16.0,0.00012812503565863713,0.1,0.0005125001426345485,5.0,2.1200616418016778,1.1308267423868095,-1.8056765598666877,0
56,3680,3.0,0.6081528990256952,4.910276375072927,0.5,4.5,15.17804808028929,9,3.56,0.25,4.491565180870011,3.0,5.5,3.0,5.5,0.27509390349865515,-99,2.70379921317626,14.724937545479284,0.1844816050392868,16.0,0.0046120401259821696,0.1,0.018448160503928678,,2.1200616418016778,1.1308267423868095,-1.8056765598666877,0
57,3680,3.5,0.4099186911246343,4.910276375072927,0.5,4.5,13.906369276461138,3,3.56,0.25,4.491565180870011,3.0,5.5,3.0,5.5,0.27509390349865515,-99,5.95120015869867,9.925180222284565,0.40605343467685157,16.0,0.01015133586692129,0.1,0.04060534346768516,,2.1200616418016778,1.1308267423868095,-1.8056765598666877,0
58,3680,4.0,0.71,4.910276375072927,0.5,4.5,7.380271538477438,1,3.56,0.25,4.491565180870011,3.0,5.5,3.0,5.5,0.27509390349865515,-99,1.9837333862328903,17.19091641927463,0.13535114489228386,16.0,0.003383778622307097,0.1,0.013535114489228388,,2.1200616418016778,1.1308267423868095,-1.8056765598666877,0
59,3680,4.5,0.5020458146424487,4.910276375072927,0.5,4.5,4.289641380945798,2,3.56,0.25,4.491565180870011,3.0,5.5,3.0,5.5,0.27509390349865515,-99,3.9674667724657815,12.155813574880252,0.2707022897845678,16.0,0.006767557244614195,0.1,0.02707022897845678,,2.1200616418016778,1.1308267423868095,-1.8056765598666877,0
60,3680,4.5,4.47213595499958,4.910276375072927,0.5,,0.0,0,3.56,0.25,4.491565180870011,3.0,5.5,3.0,5.5,0.27509390349865515,-99,0.04999999999999999,108.2818527014517,0.0034115256070100138,16.0,8.528814017525035e-05,0.1,0.0003411525607010014,4.5,2.1200616418016778,1.1308267423868095,-1.8056765598666877,0
61,3681,3.0,0.37347846260228446,4.832005731958674,0.5,4.5,17.3119349037815,8,3.67,0.25,4.554031456618776,1.0,7.0,1.0,7.0,0.27491156585947396,-99,7.1691699410364516,8.743351494092336,0.5232438294313906,16.0,0.013081095735784766,0.1,0.05232438294313906,,2.1200616418016778,1.1308267423868095,-1.8056765598666877,0
62,3681,3.5,0.71,4.832005731958674,0.5,4.5,10.493762356337193,1,3.67,0.25,4.554031456618776,1.0,7.0,1.0,7.0,0.27491156585947396,-99,1.9837333862328903,16.62151953167965,0.14478332388830728,16.0,0.003619583097207682,0.1,0.014478332388830728,,2.1200616418016778,1.1308267423868095,-1.8056765598666877,0
63,3681,4.0,0.5808730815455845,4.832005731958674,0.5,4.5,8.307032473855836,5,3.67,0.25,4.554031456618776,1.0,7.0,1.0,7.0,0.27491156585947396,-99,2.9637222302740214,13.598582070897011,0.21630807776825106,16.0,0.0054077019442062765,0.1,0.021630807776825106,,2.1200616418016778,1.1308267423868095,-1.8056765598666877,0
64,3681,4.5,0.8071951598401357,4.832005731958674,0.5,4.5,4.519981499421367,2,3.67,0.25,4.554031456618776,1.0,7.0,1.0,7.0,0.27491156585947396,-99,1.5347685875671346,18.89691565515506,0.11201550523344624,16.0,0.002800387630836156,0.1,0.011201550523344624,,2.1200616418016778,1.1308267423868095,-1.8056765598666877,0
65,3681,4.5,4.47213595499958,4.832005731958674,0.5,,0.0,0,3.67,0.25,4.554031456618776,1.0,7.0,1.0,7.0,0.27491156585947396,-99,0.04999999999999999,104.69534524556667,0.003649263678604784,16.0,9.12315919651196e-05,0.1,0.0003649263678604784,4.0,2.1200616418016778,1.1308267423868095,-1.8056765598666877,0
66,3736,2.0,0.8287188499629244,4.9999999995,0.5,4.0,91.29105433605937,52,4.2,0.25,9.999999999001199,2.0,10.0,2.0,10.0,0.6847273711842924,-99,1.4560811016711064,19.46156811616007,0.10560982672555363,16.0,0.0026402456681388414,0.1,0.010560982672555366,,2.1200616418016778,1.1308267423868095,-1.8056765598666877,0
67,3736,3.0,0.6413952463632762,4.9999999995,0.5,4.0,89.92756928047903,33,4.2,0.25,9.999999999001199,2.0,10.0,2.0,10.0,0.6847273711842924,-99,2.430796074047643,15.062475382379219,0.17630608067826814,16.0,0.004407652016956705,0.1,0.01763060806782682,,2.1200616418016778,1.1308267423868095,-1.8056765598666877,0
68,3736,3.5,0.4591413997890326,4.9999999995,0.5,4.0,105.42906403230401,14,4.2,0.25,9.999999999001199,2.0,10.0,2.0,10.0,0.6847273711842924,-99,4.743589424304459,10.782440422759908,0.34405340237093446,16.0,0.008601335059273364,0.1,0.034405340237093456,,2.1200616418016778,1.1308267423868095,-1.8056765598666877,0
69,3736,4.0,0.4425083215797251,4.9999999995,0.5,4.0,94.86977691538118,24,4.2,0.25,9.999999999001199,2.0,10.0,2.0,10.0,0.6847273711842924,-99,5.106897197618446,10.391830525849349,0.37040418114534607,16.0,0.009260104528633654,0.1,0.037040418114534616,,2.1200616418016778,1.1308267423868095,-1.8056765598666877,0
70,3736,4.0,4.47213595499958,4.9999999995,0.5,,0.0,0,4.2,0.25,9.999999999001199,2.0,10.0,2.0,10.0,0.6847273711842924,-99,0.04999999999999999,105.02328807513753,0.0036265090798976774,16.0,9.066272699744195e-05,0.1,0.0003626509079897678,3.7,2.1200616418016778,1.1308267423868095,-1.8056765598666877,0
71,3775,3.0,0.7937704390944573,4.36157305815841,0.5,4.0,20.330836574477257,39,3.62,0.25,7.8775323165707585,4.0,15.0,4.0,15.0,0.4277358307415063,-99,1.5871214364722077,11.760605133873995,0.28920157515929795,16.0,0.007230039378982449,0.1,0.028920157515929797,,2.1200616418016778,1.1308267423868095,-1.8056765598666877,0
72,3775,3.5,0.6222876796709649,4.36157305815841,0.5,4.0,12.762032178945631,13,3.62,0.25,7.8775323165707585,4.0,15.0,4.0,15.0,0.4277358307415063,-99,2.5823648078620267,9.219894468020117,0.4705525065111888,16.0,0.01176381266277972,0.1,0.04705525065111888,,2.1200616418016778,1.1308267423868095,-1.8056765598666877,0
73,3775,4.0,0.887896529748943,4.36157305815841,0.5,4.0,7.733200122205365,11,3.62,0.25,7.8775323165707585,4.0,15.0,4.0,15.0,0.4277358307415063,-99,1.2684556370265085,13.155189424825277,0.23113503467204963,16.0,0.005778375866801241,0.1,0.023113503467204963,,2.1200616418016778,1.1308267423868095,-1.8056765598666877,0
74,3775,4.0,4.47213595499958,4.36157305815841,0.5,,0.0,0,3.62,0.25,7.8775323165707585,4.0,15.0,4.0,15.0,0.4277358307415063,-99,0.04999999999999999,66.25974271824933,0.009110883657463665,16.0,0.00022777209143659164,0.1,0.0009110883657463666,8.0,2.1200616418016778,1.1308267423868095,-1.8056765598666877,0
75,3783,3.0,0.7275082048459176,5.999999998258558,0.5,5.0,57.54424060615276,77,3.96,0.25,13.391214906545832,7.0,18.0,7.0,18.0,0.3502958126807289,-99,1.889401294938221,19.945173234924287,0.1005505304001059,16.0,0.0025137632600026483,0.1,0.010055053040010593,,2.1200616418016778,1.1308267423868095,-1.8056765598666877,0
76,3783,3.5,0.9906739462680829,5.999999998258558,0.5,5.0,43.51791998028473,25,3.96,0.25,13.391214906545832,7.0,18.0,7.0,18.0,0.3502958126807289,-99,1.0189163160943808,27.16005585370391,0.054224889276347145,16.0,0.001355622231908679,0.1,0.005422488927634716,,2.1200616418016778,1.1308267423868095,-1.8056765598666877,0
77,3783,4.0,0.789460987271833,5.999999998258558,0.5,5.0,39.643179632098104,30,3.96,0.25,13.391214906545832,7.0,18.0,7.0,18.0,0.3502958126807289,-99,1.6044960535724306,21.64365439244218,0.08538838712760585,16.0,0.0021347096781901467,0.1,0.008538838712760587,,2.1200616418016778,1.1308267423868095,-1.8056765598666877,0
78,3783,4.5,0.2801049717117535,5.999999998258558,0.5,5.0,49.3512570506759,9,3.96,0.25,13.391214906545832,7.0,18.0,7.0,18.0,0.3502958126807289,-99,12.74554366704017,7.679284092662204,0.6782948542440288,16.0,0.016957371356100724,0.1,0.0678294854244029,,2.1200616418016778,1.1308267423868095,-1.8056765598666877,0
79,3783,5.0,0.8213825011638723,5.999999998258558,0.5,5.0,39.06121164633997,4,3.96,0.25,13.391214906545832,7.0,18.0,7.0,18.0,0.3502958126807289,-99,1.482207844092857,22.51880620551707,0.07888042909995327,16.0,0.001972010727498832,0.1,0.007888042909995329,,2.1200616418016778,1.1308267423868095,-1.8056765598666877,0
80,3783,5.0,4.47213595499958,5.999999998258558,0.5,,0.0,0,3.96,0.25,13.391214906545832,7.0,18.0,7.0,18.0,0.3502958126807289,-99,0.04999999999999999,122.60690086855001,0.002660909851959047,16.0,6.652274629897619e-05,0.1,0.00026609098519590475,15.0,2.1200616418016778,1.1308267423868095,-1.8056765598666877,0
81,3795,3.0,0.6236591031652847,6.982794850811606,0.5,6.0,101.35645758900307,38,4.07,0.25,7.993957195473445,4.0,8.0,4.0,8.0,0.3285889185498561,-99,2.5710200784673187,18.242394187627504,0.12019774487168557,16.0,0.00300494362179214,0.1,0.01201977448716856,,2.1200616418016778,1.1308267423868095,-1.8056765598666877,0
82,3795,3.5,0.8078918470532155,6.982794850811606,0.5,6.0,86.61882526647786,34,4.07,0.25,7.993957195473445,4.0,8.0,4.0,8.0,0.3285889185498561,-99,1.5321227071381154,23.63130989368295,0.07162825985181986,16.0,0.0017907064962954969,0.1,0.0071628259851819875,,2.1200616418016778,1.1308267423868095,-1.8056765598666877,0
83,3795,4.0,0.6092672543925205,6.982794850811606,0.5,6.0,70.03560269571298,32,4.07,0.25,7.993957195473445,4.0,8.0,4.0,8.0,0.3285889185498561,-99,2.6939177112694175,17.821424178420553,0.12594333139455977,16.0,0.0031485832848639947,0.1,0.012594333139455979,,2.1200616418016778,1.1308267423868095,-1.8056765598666877,0
84,3795,4.5,0.38901597377906255,6.982794850811606,0.5,6.0,44.08059250297596,6,4.07,0.25,7.993957195473445,4.0,8.0,4.0,8.0,0.3285889185498561,-99,6.607925388145902,11.37894516883314,0.3089270817398601,16.0,0.007723177043496504,0.1,0.030892708173986014,,2.1200616418016778,1.1308267423868095,-1.8056765598666877,0
85,3795,5.0,0.4099186911246343,6.982794850811606,0.5,6.0,66.76798459576646,3,4.07,0.25,7.993957195473445,4.0,8.0,4.0,8.0,0.3285889185498561,-99,5.95120015869867,11.990361898702343,0.27822452432266764,16.0,0.006955613108066692,0.1,0.02782245243226677,,2.1200616418016778,1.1308267423868095,-1.8056765598666877,0
86,3795,6.0,0.71,6.982794850811606,0.5,6.0,64.47250440523061,1,4.07,0.25,7.993957195473445,4.0,8.0,4.0,8.0,0.3285889185498561,-99,1.9837333862328903,20.767916009690488,0.0927415081075559,16.0,0.002318537702688898,0.1,0.009274150810755591,,2.1200616418016778,1.1308267423868095,-1.8056765598666877,0
87,3795,6.0,4.47213595499958,6.982794850811606,0.5,,0.0,0,4.07,0.25,7.993957195473445,4.0,8.0,4.0,8.0,0.3285889185498561,-99,0.04999999999999999,130.81259703851865,0.0023375497118509458,16.0,5.843874279627365e-05,0.1,0.0002337549711850946,6.0,2.1200616418016778,1.1308267423868095,-1.8056765598666877,0
88,250038,3.0,0.598114624831142,5.672954096176205,0.25,5.5,131.123216947621,1151,4.49,0.25,16.795616463804112,10.0,18.0,10.0,18.0,0.31871957308095056,-99,2.7953175846931253,10.994765840595775,0.23162533603945007,16.0,0.008272333429980358,0.14285714285714285,0.033089333719921434,,2.1200616418016778,1.1308267423868095,-1.8056765598666877,0
89,250038,3.5,0.755218682684444,5.672954096176205,0.25,5.5,94.84270999929758,586,4.49,0.25,16.795616463804112,10.0,18.0,10.0,18.0,0.31871957308095056,-99,1.753293205925749,13.882711155746899,0.14528121248978568,16.0,0.005188614731778059,0.14285714285714285,0.020754458927112238,,2.1200616418016778,1.1308267423868095,-1.8056765598666877,0
90,250038,4.0,0.7965163078390692,5.672954096176205,0.25,5.5,53.21078927609957,602,4.49,0.25,16.795616463804112,10.0,18.0,10.0,18.0,0.31871957308095056,-99,1.5761975789545648,14.641859485343403,0.13060673173205778,16.0,0.004664526133287778,0.14285714285714285,0.018658104533151112,,2.1200616418016778,1.1308267423868095,-1.8056765598666877,0
91,250038,4.5,0.7310241846485876,5.672954096176205,0.25,5.5,24.38798197532025,115,4.49,0.25,16.795616463804112,10.0,18.0,10.0,18.0,0.31871957308095056,-99,1.8712702360658588,13.437958880027013,0.15505701378004916,16.0,0.0055377504921446125,0.14285714285714285,0.02215100196857845,,2.1200616418016778,1.1308267423868095,-1.8056765598666877,0
92,250038,5.0,1.0640234947214036,5.672954096176205,0.25,5.5,11.918727842984527,82,4.49,0.25,16.795616463804112,10.0,18.0,10.0,18.0,0.31871957308095056,-99,0.8832783071864739,19.55927624517954,0.07319012188051034,16.0,0.0026139329243039405,0.14285714285714285,0.010455731697215762,,2.1200616418016778,1.1308267423868095,-1.8056765598666877,0
93,250038,5.5,0.9512247334050015,5.672954096176205,0.25,5.5,9.825197084421857,5,4.49,0.25,16.795616463804112,10.0,18.0,10.0,18.0,0.31871957308095056,-99,1.1051818187075535,17.485767395378012,0.09157746924520939,16.0,0.003270623901614621,0.14285714285714285,0.013082495606458484,,2.1200616418016778,1.1308267423868095,-1.8056765598666877,0
94,250038,5.5,3.1622776601683795,5.672954096176205,0.25,,0.0,0,4.49,0.25,16.795616463804112,10.0,18.0,10.0,18.0,0.31871957308095056,-99,0.09999999999999998,58.13016594655946,0.008286190353032042,16.0,0.00029593536975114435,0.14285714285714285,0.0011837414790045774,14.0,2.1200616418016778,1.1308267423868095,-1.8056765598666877,0
95,250038,6.0,0.71,5.672954096176205,0.25,5.5,15.036035258908932,1,4.49,0.25,16.795616463804112,10.0,18.0,10.0,18.0,0.31871957308095056,-99,1.9837333862328903,13.05148448598268,0.16437592447990565,16.0,0.005870568731425201,0.14285714285714285,0.023482274925700805,,2.1200616418016778,1.1308267423868095,-1.8056765598666877,0
96,310037,3.0,0.597504088575018,5.50000000055,0.25,6.0,50.85167708702728,194,4.85,0.25,10.090652406811357,10.0,16.0,10.0,16.0,0.3189857769196478,-99,2.801033075845915,9.332982782766225,0.18368726734486118,16.0,0.011480454209053826,0.25,0.0459218168362153,,2.1200616418016778,1.1308267423868095,-1.8056765598666877,0
97,310037,3.5,0.5007751037887622,5.50000000055,0.25,6.0,31.0660031926483,73,4.85,0.25,10.090652406811357,10.0,16.0,10.0,16.0,0.3189857769196478,-99,3.9876271176115514,7.822081072022138,0.2615022060041624,16.0,0.016343887875260154,0.25,0.06537555150104062,,2.1200616418016778,1.1308267423868095,-1.8056765598666877,0
98,310037,4.0,0.8315161024521981,5.50000000055,0.25,6.0,19.94899121675203,129,4.85,0.25,10.090652406811357,10.0,16.0,10.0,16.0,0.3189857769196478,-99,1.4463009529414925,12.988238266766086,0.09484610235238285,16.0,0.005927881397023929,0.25,0.023711525588095715,,2.1200616418016778,1.1308267423868095,-1.8056765598666877,0
99,310037,4.5,0.5386535700318604,5.50000000055,0.25,6.0,15.17484874746134,19,4.85,0.25,10.090652406811357,10.0,16.0,10.0,16.0,0.3189857769196478,-99,3.4465208875948354,8.413740744389456,0.22601732523208043,16.0,0.014126082827005029,0.25,0.056504331308020114,,2.1200616418016778,1.1308267423868095,-1.8056765598666877,0
100,310037,5.0,0.9719203252126409,5.50000000055,0.25,6.0,9.229784886176306,34,4.85,0.25,10.090652406811357,10.0,16.0,10.0,16.0,0.3189857769196478,-99,1.0586165303933013,15.181344922782488,0.06942237823283048,16.0,0.004338898639551906,0.25,0.017355594558207624,,2.1200616418016778,1.1308267423868095,-1.8056765598666877,0
101,310037,5.5,0.8664086919783044,5.50000000055,0.25,6.0,9.485803002607797,10,4.85,0.25,10.090652406811357,10.0,16.0,10.0,16.0,0.3189857769196478,-99,1.3321538948335403,13.533258700132363,0.08736052092169137,16.0,0.005460032557605712,0.25,0.021840130230422847,,2.1200616418016778,1.1308267423868095,-1.8056765598666877,0
102,310037,6.0,0.9637369204464326,5.50000000055,0.25,6.0,4.34021208773296,10,4.85,0.25,10.090652406811357,10.0,16.0,10.0,16.0,0.3189857769196478,-99,1.0766709764312934,15.05352056601603,0.07060635991613942,16.0,0.004412897494758715,0.25,0.01765158997903486,,2.1200616418016778,1.1308267423868095,-1.8056765598666877,0
103,310037,6.0,3.1622776601683795,5.50000000055,0.25,,0.0,0,4.85,0.25,10.090652406811357,10.0,16.0,10.0,16.0,0.3189857769196478,-99,0.09999999999999998,49.39461255748758,0.006557839995851794,16.0,0.00040986499974073715,0.25,0.0016394599989629486,13.0,2.1200616418016778,1.1308267423868095,-1.8056765598666877,0
104,380116,3.0,0.7762842310543668,4.666639644941002,0.375,4.5,14.761012674146176,46,3.3,0.25,5.240517839915893,3.0,9.0,3.0,9.0,0.43616566537842005,-99,1.6594282203483908,11.754608931482771,0.28949670254034343,16.0,0.0072374175635085865,0.1,0.028949670254034346,,2.1200616418016778,1.1308267423868095,-1.8056765598666877,0
105,380116,3.5,0.6227487574606995,4.666639644941002,0.375,4.5,13.548354439676352,15,3.3,0.25,5.240517839915893,3.0,9.0,3.0,9.0,0.43616566537842005,-99,2.5785423023576306,9.429752420160483,0.4498413879791672,16.0,0.01124603469947918,0.1,0.04498413879791672,,2.1200616418016778,1.1308267423868095,-1.8056765598666877,0
106,380116,4.0,1.225301736032898,4.666639644941002,0.375,4.5,5.867084320069236,8,3.3,0.25,5.240517839915893,3.0,9.0,3.0,9.0,0.43616566537842005,-99,0.6660608424462321,18.553697413859926,0.11619810680268235,16.0,0.002904952670067059,0.1,0.011619810680268235,,2.1200616418016778,1.1308267423868095,-1.8056765598666877,0
107,380116,4.5,1.1460112811372383,4.666639644941002,0.375,4.5,3.5348279891192123,3,3.3,0.25,5.240517839915893,3.0,9.0,3.0,9.0,0.43616566537842005,-99,0.7614163784208228,17.353069793185536,0.13283342304903106,16.0,0.0033208355762257766,0.1,0.013283342304903106,,2.1200616418016778,1.1308267423868095,-1.8056765598666877,0
108,380116,4.5,3.872983346207417,4.666639644941002,0.375,,0.0,0,3.3,0.25,5.240517839915893,3.0,9.0,3.0,9.0,0.43616566537842005,-99,0.06666666666666665,58.64527812316901,0.011630379628776175,16.0,0.0002907594907194044,0.1,0.0011630379628776175,7.5,2.1200616418016778,1.1308267423868095,-1.8056765598666877,0
109,560053,3.5,0.45346247341286283,5.516966376104896,0.25,5.5,82.01108488452819,192,4.34,0.25,12.992156569838095,9.5,13.0,9.5,13.0,0.3164531768241031,-99,4.863145852835477,9.472479500546608,0.312054667730031,16.0,0.01114480956178682,0.14285714285714285,0.04457923824714728,,2.1200616418016778,1.1308267423868095,-1.8056765598666877,0
110,560053,4.0,0.7607844660635286,5.516966376104896,0.25,5.5,45.09039465757336,173,4.34,0.25,12.992156569838095,9.5,13.0,9.5,13.0,0.3164531768241031,-99,1.7277333924709666,15.892197660554315,0.11086389058211253,16.0,0.003959424663646876,0.14285714285714285,0.015837698654587503,,2.1200616418016778,1.1308267423868095,-1.8056765598666877,0
111,560053,4.5,0.4656302344873296,5.516966376104896,0.25,5.5,16.989412288687724,13,4.34,0.25,12.992156569838095,9.5,13.0,9.5,13.0,0.3164531768241031,-99,4.612301144432097,9.726654595737994,0.2959586540587541,16.0,0.010569951930669789,0.14285714285714285,0.042279807722679155,,2.1200616418016778,1.1308267423868095,-1.8056765598666877,0
112,560053,5.0,0.7203094077660817,5.516966376104896,0.25,5.5,9.292405144972097,7,4.34,0.25,12.992156569838095,9.5,13.0,9.5,13.0,0.3164531768241031,-99,1.9273554932045074,15.04670507299697,0.12367309067625647,16.0,0.004416896095580588,0.14285714285714285,0.01766758438232235,,2.1200616418016778,1.1308267423868095,-1.8056765598666877,0
113,560053,5.5,0.6518096849329844,5.516966376104896,0.25,5.5,3.4307293257139126,2,4.34,0.25,12.992156569838095,9.5,13.0,9.5,13.0,0.3164531768241031,-99,2.3537394243654415,13.61579897078712,0.1510329725285088,16.0,0.005394034733161028,0.14285714285714285,0.021576138932644113,,2.1200616418016778,1.1308267423868095,-1.8056765598666877,0
114,560053,5.5,3.1622776601683795,5.516966376104896,0.25,,0.0,0,4.34,0.25,12.992156569838095,9.5,13.0,9.5,13.0,0.3164531768241031,-99,0.09999999999999998,66.05752860988956,0.006416724424337101,16.0,0.00022916872944061075,0.14285714285714285,0.000916674917762443,10.0,2.1200616418016778,1.1308267423868095,-1.8056765598666877,0
115,640001,3.5,0.8626577358825448,7.9999999992,0.25,7.5,107.77091739317399,117,5.14,0.25,6.985723459240822,2.0,7.0,2.0,7.0,0.46099021050168665,-99,1.3437638626478752,20.06964772861427,0.0397228575997112,16.0,0.0024826785999819503,0.25,0.009930714399927801,,2.1200616418016778,1.1308267423868095,-1.8056765598666877,0
116,640001,4.0,1.1303739000084845,7.9999999992,0.25,7.5,83.0048861798713,175,5.14,0.25,6.985723459240822,2.0,7.0,2.0,7.0,0.46099021050168665,-99,0.7826286775653598,26.298038064402142,0.023135201337473054,16.0,0.001445950083592066,0.25,0.005783800334368264,,2.1200616418016778,1.1308267423868095,-1.8056765598666877,0
117,640001,4.5,1.0291161998719498,7.9999999992,0.25,7.5,59.76116065371425,187,5.14,0.25,6.985723459240822,2.0,7.0,2.0,7.0,0.46099021050168665,-99,0.9442155981485277,23.942287588843197,0.027911854747137636,16.0,0.0017444909216961025,0.25,0.00697796368678441,,2.1200616418016778,1.1308267423868095,-1.8056765598666877,0
118,640001,5.0,1.0037749465059385,7.9999999992,0.25,7.5,53.95487174225054,146,5.14,0.25,6.985723459240822,2.0,7.0,2.0,7.0,0.46099021050168665,-99,0.9924926434869662,23.352725811440145,0.0293389672410953,16.0,0.0018336854525684565,0.25,0.007334741810273826,,2.1200616418016778,1.1308267423868095,-1.8056765598666877,0
119,640001,5.5,0.8738087720631906,7.9999999992,0.25,7.5,48.675488131933086,87,5.14,0.25,6.985723459240822,2.0,7.0,2.0,7.0,0.46099021050168665,-99,1.3096860435333368,20.32907549312117,0.038715486890003224,16.0,0.002419717930625202,0.25,0.009678871722500808,,2.1200616418016778,1.1308267423868095,-1.8056765598666877,0
120,640001,6.0,0.6662100649892602,7.9999999992,0.25,7.5,56.33377726302024,88,5.14,0.25,6.985723459240822,2.0,7.0,2.0,7.0,0.46099021050168665,-99,2.2530852305838405,15.499311907187424,0.06660320779734126,16.0,0.00416270048733383,0.25,0.01665080194933532,,2.1200616418016778,1.1308267423868095,-1.8056765598666877,0
121,640001,6.5,0.5333660868611123,7.9999999992,0.25,7.5,51.82477486250003,36,5.14,0.25,6.985723459240822,2.0,7.0,2.0,7.0,0.46099021050168665,-99,3.5151932305705857,12.408709768006384,0.10391224530943814,16.0,0.006494515331839885,0.25,0.02597806132735954,,2.1200616418016778,1.1308267423868095,-1.8056765598666877,0
122,640001,7.0,0.23174521618292437,7.9999999992,0.25,7.5,55.618330415766366,30,5.14,0.25,6.985723459240822,2.0,7.0,2.0,7.0,0.46099021050168665,-99,18.61994715538448,5.391529755221617,0.5504222355779355,16.0,0.03440138972362097,0.25,0.1376055588944839,,2.1200616418016778,1.1308267423868095,-1.8056765598666877,0
123,640001,7.5,0.5020458146424487,7.9999999992,0.25,7.5,60.55006601082894,2,5.14,0.25,6.985723459240822,2.0,7.0,2.0,7.0,0.46099021050168665,-99,3.9674667724657815,11.680046702636888,0.11728185436070317,16.0,0.007330115897543949,0.25,0.029320463590175795,,2.1200616418016778,1.1308267423868095,-1.8056765598666877,0
124,640001,7.5,3.1622776601683795,7.9999999992,0.25,,0.0,0,5.14,0.25,6.985723459240822,2.0,7.0,2.0,7.0,0.46099021050168665,-99,0.09999999999999998,73.57008002103764,0.002956089139161522,16.0,0.00018475557119759515,0.25,0.0007390222847903806,4.0,2.1200616418016778,1.1308267423868095,-1.8056765598666877,0
125,640564,3.5,0.4864164174089427,5.49999999945,0.25,5.0,53.616713619413055,26,3.46,0.25,11.987432949558992,6.0,12.0,6.0,12.0,0.4487376132588883,-99,4.226526054844189,24.759162037581373,0.06525114052727984,16.0,0.0016312785131819961,0.1,0.0065251140527279846,,2.1200616418016778,1.1308267423868095,-1.8056765598666877,0
126,640564,4.0,0.315881646899904,5.49999999945,0.25,5.0,69.22109177665679,35,3.46,0.25,11.987432949558992,6.0,12.0,6.0,12.0,0.4487376132588883,-99,10.021926487078478,16.07874364511324,0.15472331770270686,16.0,0.0038680829425676716,0.1,0.015472331770270686,,2.1200616418016778,1.1308267423868095,-1.8056765598666877,0
127,640564,4.5,0.2199595321866969,5.49999999945,0.25,5.0,62.98451803272149,12,3.46,0.25,11.987432949558992,6.0,12.0,6.0,12.0,0.4487376132588883,-99,20.668760139330615,11.196196312885592,0.31909425255532237,16.0,0.00797735631388306,0.1,0.03190942525553224,,2.1200616418016778,1.1308267423868095,-1.8056765598666877,0
128,640564,5.0,0.18332121172048438,5.49999999945,0.25,5.0,66.96755241372273,15,3.46,0.25,11.987432949558992,6.0,12.0,6.0,12.0,0.4487376132588883,-99,29.75600079349336,9.331263138878148,0.459387441154119,16.0,0.011484686028852976,0.1,0.045938744115411906,,2.1200616418016778,1.1308267423868095,-1.8056765598666877,0
129,640564,5.0,3.1622776601683795,5.49999999945,0.25,,0.0,0,3.46,0.25,11.987432949558992,6.0,12.0,6.0,12.0,0.4487376132588883,-99,0.09999999999999998,160.96361511192106,0.001543848060571942,16.0,3.8596201514298555e-05,0.1,0.00015438480605719422,10.0,2.1200616418016778,1.1308267423868095,-1.8056765598666877,0
130,640566,3.0,1.3427693109845888,5.49999999945,0.25,5.0,37.18323119147968,46,4.1,0.25,11.994400222223963,6.0,12.0,6.0,12.0,0.47133800566890377,-99,0.554622119588724,35.73960815482339,0.03131557699416128,16.0,0.0007828894248540321,0.1,0.0031315576994161284,,2.1200616418016778,1.1308267423868095,-1.8056765598666877,0
131,640566,3.5,1.0863393879690428,5.49999999945,0.25,5.0,29.67822854949905,40,4.1,0.25,11.994400222223963,6.0,12.0,6.0,12.0,0.47133800566890377,-99,0.8473619284659676,28.914381444043777,0.047844517511263875,16.0,0.0011961129377815972,0.1,0.004784451751126389,,2.1200616418016778,1.1308267423868095,-1.8056765598666877,0
132,640566,4.0,0.5906933587125041,5.49999999945,0.25,5.0,41.63708588397638,52,4.1,0.25,11.994400222223963,6.0,12.0,6.0,12.0,0.47133800566890377,-99,2.8659976103840674,15.722096869015884,0.1618225556882193,16.0,0.004045563892205483,0.1,0.016182255568821934,,2.1200616418016778,1.1308267423868095,-1.8056765598666877,0
133,640566,4.5,0.43275253306732564,5.49999999945,0.25,5.0,40.46643187886458,8,4.1,0.25,11.994400222223963,6.0,12.0,6.0,12.0,0.47133800566890377,-99,5.339748011744196,11.518289726544829,0.3014976938085227,16.0,0.007537442345213069,0.1,0.030149769380852277,,2.1200616418016778,1.1308267423868095,-1.8056765598666877,0
134,640566,5.0,0.3534868351890864,5.49999999945,0.25,5.0,46.67851419127196,18,4.1,0.25,11.994400222223963,6.0,12.0,6.0,12.0,0.47133800566890377,-99,8.003012804468941,9.408526747072475,0.4518733653274601,16.0,0.011296834133186504,0.1,0.045187336532746016,,2.1200616418016778,1.1308267423868095,-1.8056765598666877,0
135,640566,5.0,3.1622776601683795,5.49999999945,0.25,,0.0,0,4.1,0.25,11.994400222223963,6.0,12.0,6.0,12.0,0.47133800566890377,-99,0.09999999999999998,84.16826593117361,0.00564629067037267,16.0,0.00014115726675931677,0.1,0.0005646290670372671,9.0,2.1200616418016778,1.1308267423868095,-1.8056765598666877,0
136,640567,4.0,0.33688914321771657,5.49999999945,0.25,5.0,58.62900009358484,24,3.74,0.25,11.989472296361777,6.0,12.0,6.0,12.0,0.8399743797456865,-99,8.811015581037745,12.935610640334376,0.2390485542839866,16.0,0.005976213857099666,0.1,0.023904855428398663,,2.1200616418016778,1.1308267423868095,-1.8056765598666877,0
137,640567,4.5,0.3511402095251809,5.49999999945,0.25,5.0,60.26492507166407,8,3.74,0.25,11.989472296361777,6.0,12.0,6.0,12.0,0.8399743797456865,-99,8.110336472676877,13.482812141701285,0.22003867666770724,16.0,0.005500966916692681,0.1,0.022003867666770725,,2.1200616418016778,1.1308267423868095,-1.8056765598666877,0
138,640567,5.0,0.2245217138719549,5.49999999945,0.25,5.0,61.58554111815607,10,3.74,0.25,11.989472296361777,6.0,12.0,6.0,12.0,0.8399743797456865,-99,19.837333862328908,8.621012369850199,0.5381997043387345,16.0,0.013454992608468365,0.1,0.05381997043387346,,2.1200616418016778,1.1308267423868095,-1.8056765598666877,0
139,640567,5.0,3.1622776601683795,5.49999999945,0.25,,0.0,0,3.74,0.25,11.989472296361777,6.0,12.0,6.0,12.0,0.8399743797456865,-99,0.09999999999999998,121.42270943450988,0.0027130647095715593,16.0,6.782661773928899e-05,0.1,0.00027130647095715594,9.0,2.1200616418016778,1.1308267423868095,-1.8056765598666877,0
140,650501,3.0,1.109990122787309,5.49999999945,0.25,5.0,25.1540770423592,15,4.0,0.25,9.99946155648819,7.5,10.0,7.5,10.0,0.5085782438390586,-99,0.8116368777024351,27.747478620344317,0.05195327630295841,16.0,0.0012988319075739605,0.1,0.005195327630295842,,2.1200616418016778,1.1308267423868095,-1.8056765598666877,0
141,650501,3.5,0.7854184482920994,5.49999999945,0.25,5.0,19.223804113992536,11,4.0,0.25,9.99946155648819,7.5,10.0,7.5,10.0,0.5085782438390586,-99,1.621055201492266,19.633851828594135,0.10376454187725104,16.0,0.0025941135469312766,0.1,0.010376454187725107,,2.1200616418016778,1.1308267423868095,-1.8056765598666877,0
142,650501,4.0,0.561560326026942,5.49999999945,0.25,5.0,21.79130502180055,14,4.0,0.25,9.99946155648819,7.5,10.0,7.5,10.0,0.5085782438390586,-99,3.1710797549938876,14.037857473306438,0.20298237699139582,16.0,0.005074559424784897,0.1,0.020298237699139587,,2.1200616418016778,1.1308267423868095,-1.8056765598666877,0
143,650501,5.0,0.3175216528049701,5.49999999945,0.25,5.0,20.0276720419675,5,4.0,0.25,9.99946155648819,7.5,10.0,7.5,10.0,0.5085782438390586,-99,9.918666931164456,7.937390695494062,0.6348987555746908,16.0,0.015872468889367275,0.1,0.0634898755574691,,2.1200616418016778,1.1308267423868095,-1.8056765598666877,0
144,650501,5.0,3.1622776601683795,5.49999999945,0.25,,0.0,0,4.0,0.25,9.99946155648819,7.5,10.0,7.5,10.0,0.5085782438390586,-99,0.09999999999999998,79.0504617705755,0.006401049253704028,16.0,0.00016002623134260075,0.1,0.000640104925370403,9.5,2.1200616418016778,1.1308267423868095,-1.8056765598666877,0
145,650505,3.0,0.5866980417427515,6.435004824542585,0.25,6.0,52.86553772205961,59,4.57,0.25,5.292830092168018,4.0,10.0,4.0,10.0,0.25725246717652367,-99,2.905164460497902,13.670648060444414,0.14982346109548306,16.0,0.005350837896267252,0.14285714285714285,0.021403351585069008,,2.1200616418016778,1.1308267423868095,-1.8056765598666877,0
146,650505,3.5,0.4302007485783271,6.435004824542585,0.25,6.0,42.95577745293772,64,4.57,0.25,5.292830092168018,4.0,10.0,4.0,10.0,0.25725246717652367,-99,5.403282526458848,10.024105435369304,0.2786549609835402,16.0,0.009951962892269293,0.14285714285714285,0.03980785156907717,,2.1200616418016778,1.1308267423868095,-1.8056765598666877,0
147,650505,4.0,0.5464536897743569,6.435004824542585,0.25,6.0,38.81890350662445,111,4.57,0.25,5.292830092168018,4.0,10.0,4.0,10.0,0.25725246717652367,-99,3.348831333287629,12.73291462171273,0.1727039924246368,16.0,0.006167999729451314,0.14285714285714285,0.024671998917805256,,2.1200616418016778,1.1308267423868095,-1.8056765598666877,0
148,650505,4.5,0.6243742481235652,6.435004824542585,0.25,6.0,29.93140979752692,76,4.57,0.25,5.292830092168018,4.0,10.0,4.0,10.0,0.25725246717652367,-99,2.5651338681508613,14.548541152016401,0.13228760007402138,16.0,0.004724557145500763,0.14285714285714285,0.018898228582003053,,2.1200616418016778,1.1308267423868095,-1.8056765598666877,0
149,650505,5.0,0.7946449622320404,6.435004824542585,0.25,6.0,18.042355470736034,73,4.57,0.25,5.292830092168018,4.0,10.0,4.0,10.0,0.25725246717652367,-99,1.583630039088289,18.516018187840803,0.08167005234200024,16.0,0.0029167875836428655,0.14285714285714285,0.011667150334571462,,2.1200616418016778,1.1308267423868095,-1.8056765598666877,0
150,650505,5.5,0.7625894994806358,6.435004824542585,0.25,6.0,9.806691090068691,22,4.57,0.25,5.292830092168018,4.0,10.0,4.0,10.0,0.25725246717652367,-99,1.7195640545471844,17.76909401473902,0.08868036275766882,16.0,0.003167155812773886,0.14285714285714285,0.012668623251095544,,2.1200616418016778,1.1308267423868095,-1.8056765598666877,0
151,650505,6.0,0.7527146054195499,6.435004824542585,0.25,6.0,6.477405386932331,22,4.57,0.25,5.292830092168018,4.0,10.0,4.0,10.0,0.25725246717652367,-99,1.7649780714199785,17.53899915888731,0.09102242816658015,16.0,0.003250801005949291,0.14285714285714285,0.013003204023797165,,2.1200616418016778,1.1308267423868095,-1.8056765598666877,0
152,650505,6.0,3.1622776601683795,6.435004824542585,0.25,,0.0,0,4.57,0.25,5.292830092168018,4.0,10.0,4.0,10.0,0.25725246717652367,-99,0.09999999999999998,73.68421553471404,0.005157142156069385,16.0,0.00018418364843104945,0.14285714285714285,0.0007367345937241978,7.0,2.1200616418016778,1.1308267423868095,-1.8056765598666877,0
153,740150,3.0,0.5706612423350147,6.091428571258274,0.25,6.0,83.08090376156437,190,4.19,0.25,8.254399947099422,7.0,13.0,7.0,13.0,0.23699627630272815,-99,3.0707414051625044,15.472998341515316,0.16707483209895274,16.0,0.004176870802473819,0.1,0.016707483209895277,,2.1200616418016778,1.1308267423868095,-1.8056765598666877,0
154,740150,3.5,0.7080587521828821,6.091428571258274,0.25,6.0,61.189990440186904,89,4.19,0.25,8.254399947099422,7.0,13.0,7.0,13.0,0.23699627630272815,-99,1.9946256943209413,19.198415952330237,0.10852485084503316,16.0,0.0027131212711258294,0.1,0.010852485084503318,,2.1200616418016778,1.1308267423868095,-1.8056765598666877,0
155,740150,4.0,0.8372845030946502,6.091428571258274,0.25,6.0,32.114866334622036,91,4.19,0.25,8.254399947099422,7.0,13.0,7.0,13.0,0.23699627630272815,-99,1.4264412644862114,22.702263210919806,0.0776107145858606,16.0,0.001940267864646515,0.1,0.00776107145858606,,2.1200616418016778,1.1308267423868095,-1.8056765598666877,0
156,740150,4.5,0.4553771256519718,6.091428571258274,0.25,6.0,26.61622883919442,24,4.19,0.25,8.254399947099422,7.0,13.0,7.0,13.0,0.23699627630272815,-99,4.822337222635849,12.347166737916448,0.26237676036213714,16.0,0.006559419009053429,0.1,0.026237676036213717,,2.1200616418016778,1.1308267423868095,-1.8056765598666877,0
157,740150,5.0,0.7110629997397316,6.091428571258274,0.25,6.0,19.326242055693772,37,4.19,0.25,8.254399947099422,7.0,13.0,7.0,13.0,0.23699627630272815,-99,1.9778066768604792,19.279873591321856,0.10760975115166534,16.0,0.002690243778791634,0.1,0.010760975115166537,,2.1200616418016778,1.1308267423868095,-1.8056765598666877,0
158,740150,5.5,0.7405720151801606,6.091428571258274,0.25,6.0,12.742551370132249,12,4.19,0.25,8.254399947099422,7.0,13.0,7.0,13.0,0.23699627630272815,-99,1.823330540061459,20.079985659737847,0.09920491622300572,16.0,0.0024801229055751435,0.1,0.009920491622300574,,2.1200616418016778,1.1308267423868095,-1.8056765598666877,0
159,740150,6.0,0.5621745202391263,6.091428571258274,0.25,6.0,3.2489268797964064,3,4.19,0.25,8.254399947099422,7.0,13.0,7.0,13.0,0.23699627630272815,-99,3.1641545215617644,15.242888028823899,0.1721573117607074,16.0,0.004303932794017686,0.1,0.017215731176070743,,2.1200616418016778,1.1308267423868095,-1.8056765598666877,0
160,740150,6.0,3.1622776601683795,6.091428571258274,0.25,,0.0,0,4.19,0.25,8.254399947099422,7.0,13.0,7.0,13.0,0.23699627630272815,-99,0.09999999999999998,85.74249197472442,0.005440862972638071,16.0,0.00013602157431595181,0.1,0.0005440862972638073,11.0,2.1200616418016778,1.1308267423868095,-1.8056765598666877,0
161,740153,3.0,0.466334461870341,7.215673768414933,0.25,7.0,80.79253676106998,221,4.56,0.25,3.422485021306033,1.0,3.5,1.0,3.5,0.1673132169716686,-99,4.598381280082615,15.077536782366854,0.12316781528128123,16.0,0.004398850545760044,0.14285714285714285,0.017595402183040176,,2.1200616418016778,1.1308267423868095,-1.8056765598666877,0
162,740153,3.5,0.45936668143072423,7.215673768414933,0.25,7.0,67.8927343567801,78,4.56,0.25,3.422485021306033,1.0,3.5,1.0,3.5,0.1673132169716686,-99,4.738937882887854,14.852254341415733,0.12693262916608575,16.0,0.004533308184503062,0.14285714285714285,0.018133232738012248,,2.1200616418016778,1.1308267423868095,-1.8056765598666877,0
163,740153,4.0,0.4430504487986969,7.215673768414933,0.25,7.0,39.549630778356175,126,4.56,0.25,3.422485021306033,1.0,3.5,1.0,3.5,0.1673132169716686,-99,5.094406998692797,14.324717524444555,0.136453882782723,16.0,0.004873352956525821,0.14285714285714285,0.019493411826103285,,2.1200616418016778,1.1308267423868095,-1.8056765598666877,0
164,740153,4.5,0.3869832976877912,7.215673768414933,0.25,7.0,26.49042745850903,31,4.56,0.25,3.422485021306033,1.0,3.5,1.0,3.5,0.1673132169716686,-99,6.677525538978238,12.511953076870356,0.17885777233899433,16.0,0.0063877775835355114,0.14285714285714285,0.025551110334142046,,2.1200616418016778,1.1308267423868095,-1.8056765598666877,0
165,740153,5.0,0.6928444201867333,7.215673768414933,0.25,7.0,18.28865389890953,43,4.56,0.25,3.422485021306033,1.0,3.5,1.0,3.5,0.1673132169716686,-99,2.083188419004865,22.401062078760987,0.05579828003811936,16.0,0.00199279571564712,0.14285714285714285,0.00797118286258848,,2.1200616418016778,1.1308267423868095,-1.8056765598666877,0
166,740153,5.5,0.7425141423001337,7.215673768414933,0.25,7.0,12.339375382690415,24,4.56,0.25,3.422485021306033,1.0,3.5,1.0,3.5,0.1673132169716686,-99,1.8138047724846003,24.006984701616506,0.04858282894925058,16.0,0.0017351010339018065,0.14285714285714285,0.006940404135607226,,2.1200616418016778,1.1308267423868095,-1.8056765598666877,0
167,740153,6.0,0.9403802395200211,7.215673768414933,0.25,7.0,7.153068848485436,15,4.56,0.25,3.422485021306033,1.0,3.5,1.0,3.5,0.1673132169716686,-99,1.1308187758774813,30.404396007765506,0.03028902338028391,16.0,0.0010817508350101396,0.14285714285714285,0.0043270033400405585,,2.1200616418016778,1.1308267423868095,-1.8056765598666877,0
168,740153,6.5,0.355,7.215673768414933,0.25,7.0,5.154455299896938,4,4.56,0.25,3.422485021306033,1.0,3.5,1.0,3.5,0.1673132169716686,-99,7.934933544931561,11.477868344262411,0.21253749300097488,16.0,0.007590624750034817,0.14285714285714285,0.030362499000139268,,2.1200616418016778,1.1308267423868095,-1.8056765598666877,0
169,740153,7.0,0.562341174422342,7.215673768414933,0.25,7.0,1.9677056225895664,3,4.56,0.25,3.422485021306033,1.0,3.5,1.0,3.5,0.1673132169716686,-99,3.1622793558306794,18.181628069232524,0.08470177130674221,16.0,0.003025063260955079,0.14285714285714285,0.012100253043820315,,2.1200616418016778,1.1308267423868095,-1.8056765598666877,0
170,740153,7.0,3.1622776601683795,7.215673768414933,0.25,,0.0,0,4.56,0.25,3.422485021306033,1.0,3.5,1.0,3.5,0.1673132169716686,-99,0.09999999999999998,102.24283563778832,0.002678503755544785,16.0,9.566084841231375e-05,0.14285714285714285,0.000382643393649255,2.0,2.1200616418016778,1.1308267423868095,-1.8056765598666877,0
171,740155,3.0,0.8213518891946195,4.753060032043683,0.25,4.5,19.59466575943314,6,3.36,0.25,4.033879463643614,2.0,8.0,2.0,8.0,0.2470830669546609,-99,1.482318330589773,21.754561053621565,0.08451997143382714,16.0,0.0021129992858456787,0.1,0.008451997143382715,,2.1200616418016778,1.1308267423868095,-1.8056765598666877,0
172,740155,3.5,0.4085364355235534,4.753060032043683,0.25,4.5,8.892367543100343,5,3.36,0.25,4.033879463643614,2.0,8.0,2.0,8.0,0.2470830669546609,-99,5.991539258129217,10.82061287755822,0.3416302129517963,16.0,0.008540755323794908,0.1,0.03416302129517963,,2.1200616418016778,1.1308267423868095,-1.8056765598666877,0
173,740155,4.0,0.49918786298208473,4.753060032043683,0.25,4.5,5.255655394576187,5,3.36,0.25,4.033879463643614,2.0,8.0,2.0,8.0,0.2470830669546609,-99,4.0130259201841225,13.221632512611716,0.2288178113551489,16.0,0.005720445283878723,0.1,0.02288178113551489,,2.1200616418016778,1.1308267423868095,-1.8056765598666877,0
174,740155,4.5,0.4099186911246343,4.753060032043683,0.25,4.5,3.1858614788460815,3,3.36,0.25,4.033879463643614,2.0,8.0,2.0,8.0,0.2470830669546609,-99,5.95120015869867,10.857223694749997,0.3393301270247879,16.0,0.008483253175619697,0.1,0.03393301270247879,,2.1200616418016778,1.1308267423868095,-1.8056765598666877,0
175,740155,4.5,3.1622776601683795,4.753060032043683,0.25,,0.0,0,3.36,0.25,4.033879463643614,2.0,8.0,2.0,8.0,0.2470830669546609,-99,0.09999999999999998,83.75699055625574,0.005701877234439851,16.0,0.0001425469308609963,0.1,0.0005701877234439852,4.6,2.1200616418016778,1.1308267423868095,-1.8056765598666877,0
176,880077,3.0,0.5774557877351564,6.293508636087717,0.25,6.5,141.11752850973537,1016,4.77,0.25,11.723785836558516,9.5,12.5,9.5,12.5,0.21881075438031763,-99,2.998903719657174,14.113456053443981,0.14056955849130118,16.0,0.0050203413746893275,0.14285714285714285,0.02008136549875731,,2.1200616418016778,1.1308267423868095,-1.8056765598666877,0
177,880077,3.5,0.49773209865806467,6.293508636087717,0.25,6.5,98.04440568911042,616,4.77,0.25,11.723785836558516,9.5,12.5,9.5,12.5,0.21881075438031763,-99,4.036534805132333,12.164948815130499,0.18920711314369493,16.0,0.006757396897989104,0.14285714285714285,0.027029587591956415,,2.1200616418016778,1.1308267423868095,-1.8056765598666877,0
178,880077,4.0,0.5184480580165309,6.293508636087717,0.25,6.5,72.8861710156222,1059,4.77,0.25,11.723785836558516,9.5,12.5,9.5,12.5,0.21881075438031763,-99,3.7203988023333774,12.671262524717456,0.1743886653071188,16.0,0.006228166618111385,0.14285714285714285,0.02491266647244554,,2.1200616418016778,1.1308267423868095,-1.8056765598666877,0
179,880077,4.5,0.5276557452622567,6.293508636087717,0.25,6.5,43.71575796413749,217,4.77,0.25,11.723785836558516,9.5,12.5,9.5,12.5,0.21881075438031763,-99,3.591688445645862,12.896305362726048,0.16835554130442815,16.0,0.006012697903729576,0.14285714285714285,0.024050791614918306,,2.1200616418016778,1.1308267423868095,-1.8056765598666877,0
180,880077,5.0,0.6567759890003886,6.293508636087717,0.25,6.5,28.27271676440611,211,4.77,0.25,11.723785836558516,9.5,12.5,9.5,12.5,0.21881075438031763,-99,2.3182777436570716,16.052101744567654,0.1086661358115685,16.0,0.003880933421841732,0.14285714285714285,0.015523733687366929,,2.1200616418016778,1.1308267423868095,-1.8056765598666877,0
181,880077,5.5,0.6575716095977124,6.293508636087717,0.25,6.5,16.043239732294605,50,4.77,0.25,11.723785836558516,9.5,12.5,9.5,12.5,0.21881075438031763,-99,2.3126711948043632,16.0715473135169,0.10840333641200152,16.0,0.0038715477290000543,0.14285714285714285,0.015486190916000217,,2.1200616418016778,1.1308267423868095,-1.8056765598666877,0
182,880077,6.0,0.8015169459562888,6.293508636087717,0.25,6.5,9.901765782797474,28,4.77,0.25,11.723785836558516,9.5,12.5,9.5,12.5,0.21881075438031763,-99,1.5565912412912695,19.58968016791775,0.07296311052118534,16.0,0.0026058253757566194,0.14285714285714285,0.010423301503026478,,2.1200616418016778,1.1308267423868095,-1.8056765598666877,0
183,880077,6.5,1.196183772426158,6.293508636087717,0.25,6.5,4.502864512911232,6,4.77,0.25,11.723785836558516,9.5,12.5,9.5,12.5,0.21881075438031763,-99,0.6988825342183302,29.235635805458905,0.03275917417034751,16.0,0.0011699705060838395,0.14285714285714285,0.004679882024335358,,2.1200616418016778,1.1308267423868095,-1.8056765598666877,0
184,880077,6.5,3.1622776601683795,6.293508636087717,0.25,,0.0,0,4.77,0.25,11.723785836558516,9.5,12.5,9.5,12.5,0.21881075438031763,-99,0.09999999999999998,77.28845694078218,0.0046873648383540184,16.0,0.00016740588708407208,0.14285714285714285,0.0006696235483362883,12.0,2.1200616418016778,1.1308267423868095,-1.8056765598666877,0
185,2019111102,3.0,0.8038380541113114,8.293569275861568,0.25,8.0,70.716169089548,40,4.93,0.25,1.5439741250465748,0.5,2.0,0.5,2.0,0.2108927780658494,-99,1.5476148056645371,17.432366743536253,0.052651078849226464,16.0,0.0032906924280766544,0.25,0.013162769712306618,,2.1200616418016778,1.1308267423868095,-1.8056765598666877,0
186,2019111102,3.5,0.8566845868148714,8.293569275861568,0.25,8.0,34.212348005723236,7,4.93,0.25,1.5439741250465748,0.5,2.0,0.5,2.0,0.2108927780658494,-99,1.3625677117772377,18.578418655984244,0.04635563046283237,16.0,0.0028972269039270237,0.25,0.011588907615708095,,2.1200616418016778,1.1308267423868095,-1.8056765598666877,0
187,2019111102,4.0,0.6134754214315937,8.293569275861568,0.25,8.0,33.22867589874303,22,4.93,0.25,1.5439741250465748,0.5,2.0,0.5,2.0,0.2108927780658494,-99,2.6570863279225647,13.304083428053415,0.09039617690952559,16.0,0.00564976105684535,0.25,0.0225990442273814,,2.1200616418016778,1.1308267423868095,-1.8056765598666877,0
188,2019111102,4.5,0.5686414115323567,8.293569275861568,0.25,8.0,27.02877421264227,31,4.93,0.25,1.5439741250465748,0.5,2.0,0.5,2.0,0.2108927780658494,-99,3.0925948736740576,12.331794421394113,0.10521252184105899,16.0,0.006575782615066188,0.25,0.02630313046026475,,2.1200616418016778,1.1308267423868095,-1.8056765598666877,0
189,2019111102,5.0,0.42474077658796816,8.293569275861568,0.25,8.0,21.57007465412782,24,4.93,0.25,1.5439741250465748,0.5,2.0,0.5,2.0,0.2108927780658494,-99,5.543091996454143,9.211105334645625,0.18858037071343767,16.0,0.011786273169589856,0.25,0.047145092678359424,,2.1200616418016778,1.1308267423868095,-1.8056765598666877,0
190,2019111102,5.5,0.6254055840495436,8.293569275861568,0.25,8.0,14.389841453926397,12,4.93,0.25,1.5439741250465748,0.5,2.0,0.5,2.0,0.2108927780658494,-99,2.5566806868406147,13.562805902067229,0.08698029764411438,16.0,0.00543626860275715,0.25,0.0217450744110286,,2.1200616418016778,1.1308267423868095,-1.8056765598666877,0
191,2019111102,6.0,0.6183347651264919,8.293569275861568,0.25,8.0,11.335872600020203,27,4.93,0.25,1.5439741250465748,0.5,2.0,0.5,2.0,0.2108927780658494,-99,2.615487629387366,13.40946517875444,0.08898095630774189,16.0,0.005561309769233869,0.25,0.022245239076935475,,2.1200616418016778,1.1308267423868095,-1.8056765598666877,0
192,2019111102,7.0,0.4099186911246343,8.293569275861568,0.25,8.0,3.3559606236040938,3,4.93,0.25,1.5439741250465748,0.5,2.0,0.5,2.0,0.2108927780658494,-99,5.95120015869867,8.889667417668017,0.2024645329421151,16.0,0.012654033308882196,0.25,0.050616133235528785,,2.1200616418016778,1.1308267423868095,-1.8056765598666877,0
193,2019111102,8.0,0.5020458146424487,8.293569275861568,0.25,8.0,2.194709882092368,2,4.93,0.25,1.5439741250465748,0.5,2.0,0.5,2.0,0.2108927780658494,-99,3.9674667724657815,10.887574578165813,0.13497635529474344,16.0,0.008436022205921467,0.25,0.03374408882368587,,2.1200616418016778,1.1308267423868095,-1.8056765598666877,0
194,2019111102,8.0,3.1622776601683795,8.293569275861568,0.25,,0.0,0,4.93,0.25,1.5439741250465748,0.5,2.0,0.5,2.0,0.2108927780658494,-99,0.09999999999999998,68.57847004754187,0.003402079035204007,16.0,0.00021262993970025046,0.25,0.0008505197588010018,1.5,2.1200616418016778,1.1308267423868095,-1.8056765598666877,0
