,EVID,I,StdI,Io,Io_std,Io_ini,Depi,Ndata,Mag,StdM,Depth,Hmin,Hmax,Hmin_ini,Hmax_ini,StdIo_inv,RegID,Poids_int,eqStd,Poids_int_norm,Poids_evt,Poids,Poids_evt_norm,poids_grp,Hypo,gamma,beta,intercept,X,C2,C1
0,1779,4.0,0.8789358520041862,5.142149952689774,0.5,4.5,22.531344149970092,23,4.38,0.25,10.99999992600508,5.0,11.0,5.0,11.0,0.43479439158224736,-99,1.294451074611129,11.278820930430747,0.2436880825111878,0.03225806451612903,0.00786090588745767,0.14285714285714285,0.03481258321588397,25.07312241378212,0,-3.05,1,8.2675856841107,1.5180878045381094,1.9240960916044898
1,1779,4.5,0.5020458146424487,5.142149952689774,0.5,4.5,14.495696777880678,2,4.38,0.25,10.99999992600508,5.0,11.0,5.0,11.0,0.43479439158224736,-99,3.9674667724657815,6.442432436124401,0.7468991213124718,0.03225806451612903,0.0240935200423378,0.14285714285714285,0.10669987447321026,18.196846524834243,0,-3.05,1,8.342988203170279,1.5180878045381094,1.9240960916044898
2,1779,4.5,4.47213595499958,5.142149952689774,0.5,,0.0,0,4.38,0.25,10.99999992600508,5.0,11.0,5.0,11.0,0.43479439158224736,-99,0.04999999999999999,57.38805681662069,0.009412796176340422,0.03225806451612903,0.000303638586333562,0.14285714285714285,0.0013446851680486318,10.99999992600508,0,-3.05,1,7.676247680822264,1.5180878045381094,1.9240960916044898
3,2019111102,3.0,0.8038380541113114,8.49999999915,0.25,8.0,70.716169089548,40,4.93,0.25,1.9999999998,0.5,2.0,0.5,2.0,0.21154704098001145,-99,1.5476148056645371,24.264827578611104,0.052651078849226464,0.03225806451612903,0.0016984218983621439,0.25,0.013162769712306618,70.72909004526235,0,-3.05,1,8.641274115837543,1.5180878045381094,1.9240960916044898
4,2019111102,3.5,0.8566845868148714,8.49999999915,0.25,8.0,34.212348005723236,7,4.93,0.25,1.9999999998,0.5,2.0,0.5,2.0,0.21154704098001145,-99,1.3625677117772377,25.86006432763138,0.04635563046283237,0.03225806451612903,0.001495342918155883,0.25,0.011588907615708095,34.239047358155275,0,-3.05,1,8.180291101691815,1.5180878045381094,1.9240960916044898
5,2019111102,4.0,0.6134754214315937,8.49999999915,0.25,8.0,33.22867589874303,22,4.93,0.25,1.9999999998,0.5,2.0,0.5,2.0,0.21154704098001145,-99,2.6570863279225647,18.518500397708323,0.09039617690952559,0.03225806451612903,0.00291600570675889,0.25,0.0225990442273814,33.25616499106581,0,-3.05,1,8.64171010670523,1.5180878045381094,1.9240960916044898
6,2019111102,4.5,0.5686414115323567,8.49999999915,0.25,8.0,27.02877421264227,31,4.93,0.25,1.9999999998,0.5,2.0,0.5,2.0,0.21154704098001145,-99,3.0925948736740576,17.165131377296053,0.10521252184105899,0.03225806451612903,0.0033939523174535157,0.25,0.02630313046026475,27.062561655676294,0,-3.05,1,8.868725154565755,1.5180878045381094,1.9240960916044898
7,2019111102,5.0,0.42474077658796816,8.49999999915,0.25,8.0,21.57007465412782,24,4.93,0.25,1.9999999998,0.5,2.0,0.5,2.0,0.21154704098001145,-99,5.543091996454143,12.821316006128354,0.18858037071343767,0.03225806451612903,0.006083237764949602,0.25,0.047145092678359424,21.61239756514609,0,-3.05,1,9.070843991064418,1.5180878045381094,1.9240960916044898
8,2019111102,5.5,0.6254055840495436,8.49999999915,0.25,8.0,14.389841453926397,12,4.93,0.25,1.9999999998,0.5,2.0,0.5,2.0,0.21154704098001145,-99,2.5566806868406147,18.878626840377652,0.08698029764411438,0.03225806451612903,0.0028058160530359476,0.25,0.0217450744110286,14.45320535377616,0,-3.05,1,9.037890728435425,1.5180878045381094,1.9240960916044898
9,2019111102,6.0,0.6183347651264919,8.49999999915,0.25,8.0,11.335872600020203,27,4.93,0.25,1.9999999998,0.5,2.0,0.5,2.0,0.21154704098001145,-99,2.615487629387366,18.665185586719772,0.08898095630774189,0.03225806451612903,0.002870353429281996,0.25,0.022245239076935475,11.416199697498902,0,-3.05,1,9.225440749017814,1.5180878045381094,1.9240960916044898
10,2019111102,7.0,0.4099186911246343,8.49999999915,0.25,8.0,3.3559606236040938,3,4.93,0.25,1.9999999998,0.5,2.0,0.5,2.0,0.21154704098001145,-99,5.95120015869867,12.373893361375794,0.2024645329421151,0.03225806451612903,0.00653111396587468,0.25,0.050616133235528785,3.6180215085687966,0,-3.05,1,8.703336990248756,1.5180878045381094,1.9240960916044898
11,2019111102,8.0,0.5020458146424487,8.49999999915,0.25,8.0,2.194709882092368,2,4.93,0.25,1.9999999998,0.5,2.0,0.5,2.0,0.21154704098001145,-99,3.9674667724657815,15.15486243349143,0.13497635529474344,0.03225806451612903,0.004354075977249789,0.25,0.03374408882368587,2.577665493394973,0,-3.05,1,9.254241001233082,1.5180878045381094,1.9240960916044898
12,2019111102,8.0,3.1622776601683795,8.49999999915,0.25,,0.0,0,4.93,0.25,1.9999999998,0.5,2.0,0.5,2.0,0.21154704098001145,-99,0.09999999999999998,95.45719039702743,0.003402079035204007,0.03225806451612903,0.00010974448500658086,0.25,0.0008505197588010018,1.3518905019583696,0,-3.05,1,8.399371626276373,1.5180878045381094,1.9240960916044898
13,250038,3.0,0.598114624831142,5.670809765834735,0.25,5.5,131.123216947621,1151,4.49,0.25,10.000000001,10.0,18.0,10.0,18.0,0.3191574000880327,-99,2.7953175846931253,11.568786750463328,0.23162533603945007,0.03225806451612903,0.007471785033530647,0.14285714285714285,0.03308933371992144,132.26013778558766,0,-3.05,1,9.470358360959095,1.5180878045381094,1.9240960916044898
14,250038,3.5,0.755218682684444,5.670809765834735,0.25,5.5,94.84270999929758,586,4.49,0.25,10.000000001,10.0,18.0,10.0,18.0,0.3191574000880327,-99,1.753293205925749,14.607507536550806,0.14528121248978568,0.03225806451612903,0.004686490725476957,0.14285714285714285,0.02075445892711224,96.40843150046898,0,-3.05,1,9.551550802591454,1.5180878045381094,1.9240960916044898
15,250038,4.0,0.7965163078390692,5.670809765834735,0.25,5.5,53.21078927609957,602,4.49,0.25,10.000000001,10.0,18.0,10.0,18.0,0.3191574000880327,-99,1.5761975789545648,15.406289908490482,0.13060673173205778,0.03225806451612903,0.004213120378453477,0.14285714285714285,0.018658104533151115,55.95385705878754,0,-3.05,1,9.330881588609355,1.5180878045381094,1.9240960916044898
16,250038,4.5,0.7310241846485876,5.670809765834735,0.25,5.5,24.38798197532025,115,4.49,0.25,10.000000001,10.0,18.0,10.0,18.0,0.3191574000880327,-99,1.8712702360658588,14.139535384239117,0.15505701378004916,0.03225806451612903,0.005001839154195134,0.14285714285714285,0.022151001968578454,29.90350630274485,0,-3.05,1,9.000952447797486,1.5180878045381094,1.9240960916044898
17,250038,5.0,1.0640234947214036,5.670809765834735,0.25,5.5,11.918727842984527,82,4.49,0.25,10.000000001,10.0,18.0,10.0,18.0,0.3191574000880327,-99,0.8832783071864739,20.580437924235394,0.07319012188051034,0.03225806451612903,0.0023609716735648496,0.14285714285714285,0.010455731697215764,21.01195130788405,0,-3.05,1,9.033522476441304,1.5180878045381094,1.9240960916044898
18,250038,5.5,0.9512247334050015,5.670809765834735,0.25,5.5,9.825197084421857,5,4.49,0.25,10.000000001,10.0,18.0,10.0,18.0,0.3191574000880327,-99,1.1051818187075535,18.39867415988291,0.09157746924520939,0.03225806451612903,0.0029541119111357868,0.14285714285714285,0.013082495606458485,19.899259335902112,0,-3.05,1,9.461452581513598,1.5180878045381094,1.9240960916044898
19,250038,5.5,3.1622776601683795,5.670809765834735,0.25,,0.0,0,4.49,0.25,10.000000001,10.0,18.0,10.0,18.0,0.3191574000880327,-99,0.09999999999999998,61.16505829726257,0.008286190353032042,0.03225806451612903,0.0002672964630010336,0.14285714285714285,0.0011837414790045776,17.304508787300367,0,-3.05,1,9.27638579103278,1.5180878045381094,1.9240960916044898
20,250038,6.0,0.71,5.670809765834735,0.25,5.5,15.036035258908932,1,4.49,0.25,10.000000001,10.0,18.0,10.0,18.0,0.3191574000880327,-99,1.9837333862328903,13.732883717979426,0.16437592447990565,0.03225806451612903,0.00530244917677115,0.14285714285714285,0.02348227492570081,22.924405786779037,0,-3.05,1,10.148909166374322,1.5180878045381094,1.9240960916044898
21,310037,3.0,0.5975040913986939,5.50000000055,0.25,6.0,50.85167695301395,194,4.85,0.25,15.9999999984,10.0,16.0,10.0,16.0,0.31327570525564846,-99,2.801033049371755,12.990962256081346,0.1836872667260165,0.03225806451612903,0.0059253957008392425,0.25,0.045921816681504135,51.825602253651525,0,-3.05,1,8.22936029078243,1.5180878045381094,1.9240960916044898
22,310037,3.5,0.5007751074585641,5.50000000055,0.25,6.0,31.06600303364008,73,4.85,0.25,15.9999999984,10.0,16.0,10.0,16.0,0.31327570525564846,-99,3.987627059166947,10.88787610566897,0.261502203762061,0.03225806451612903,0.008435554960066484,0.25,0.06537555094051527,32.63581689656526,0,-3.05,1,8.11676818795043,1.5180878045381094,1.9240960916044898
23,310037,4.0,0.8315161253341739,5.50000000055,0.25,6.0,19.94899099541739,129,4.85,0.25,15.9999999984,10.0,16.0,10.0,16.0,0.31327570525564846,-99,1.4463008733417786,18.078862981929486,0.09484609770926783,0.03225806451612903,0.0030595515390086396,0.25,0.02371152442731696,22.31506759468239,0,-3.05,1,8.113224530441462,1.5180878045381094,1.9240960916044898
24,310037,4.5,0.5386535680444302,5.50000000055,0.25,6.0,15.174848619755178,19,4.85,0.25,15.9999999984,10.0,16.0,10.0,16.0,0.31327570525564846,-99,3.446520913027582,11.711431389847107,0.22601732827468268,0.03225806451612903,0.0072908815572478285,0.25,0.05650433206867068,18.17349803016705,0,-3.05,1,8.341287511140504,1.5180878045381094,1.9240960916044898
25,310037,5.0,0.9719203366519902,5.50000000055,0.25,6.0,9.22978489117528,34,4.85,0.25,15.9999999984,10.0,16.0,10.0,16.0,0.31327570525564846,-99,1.0586165054738017,21.131537994672684,0.0694223770209152,0.03225806451612903,0.0022394315168037158,0.25,0.017355594255228802,13.608413910422017,0,-3.05,1,8.45811290613311,1.5180878045381094,1.9240960916044898
26,310037,5.5,0.8664086628877754,5.50000000055,0.25,6.0,9.485803137859149,10,4.85,0.25,15.9999999984,10.0,16.0,10.0,16.0,0.31327570525564846,-99,1.332153984290315,18.837498186111333,0.08736052731949896,0.03225806451612903,0.0028180815264354504,0.25,0.021840131829874744,13.783339986745538,0,-3.05,1,8.975031129867489,1.5180878045381094,1.9240960916044898
27,310037,6.0,0.9637369285937056,5.50000000055,0.25,6.0,4.340212140403589,10,4.85,0.25,15.9999999984,10.0,16.0,10.0,16.0,0.31327570525564846,-99,1.0766709582272955,20.953613949060838,0.07060635915181762,0.03225806451612903,0.0022776244887683103,0.25,0.01765158978795441,10.901258709144862,0,-3.05,1,9.164303771706956,1.5180878045381094,1.9240960916044898
28,310037,6.0,3.1622776601683795,5.50000000055,0.25,,0.0,0,4.85,0.25,15.9999999984,10.0,16.0,10.0,16.0,0.31327570525564846,-99,0.09999999999999998,68.75439066924262,0.006557840035740234,0.03225806451612903,0.0002115432269593624,0.25,0.0016394600089350588,10.000000001,0,-3.05,1,9.05000000013246,1.5180878045381094,1.9240960916044898
29,3527,2.0,0.472980665876636,6.266840914789249,0.5,6.0,121.03699716893074,55,4.93,0.25,9.999999999,8.0,10.0,8.0,10.0,0.300608649581996,-99,4.470058669474515,10.960618722642716,0.25804268527073604,0.03225806451612903,0.008323957589378582,0.25,0.06451067131768402,121.30109102492378,0,-3.05,1,8.355787356601152,1.5180878045381094,1.9240960916044898
30,3527,3.0,0.5761627790536489,6.266840914789249,0.5,6.0,93.18209697591087,73,4.93,0.25,9.999999999,8.0,10.0,8.0,10.0,0.300608649581996,-99,3.0123789377619836,13.35170969764841,0.1738953350794586,0.03225806451612903,0.005609526938047051,0.25,0.043473833769864655,93.5248800961175,0,-3.05,1,9.011327838249855,1.5180878045381094,1.9240960916044898
31,3527,3.5,1.1002924113986112,6.266840914789249,0.5,6.0,54.397582267550185,10,4.93,0.25,9.999999999,8.0,10.0,8.0,10.0,0.300608649581996,-99,0.8260070701082205,25.497629131214445,0.047682837784407635,0.03225806451612903,0.0015381560575615366,0.25,0.01192070944610191,54.98269688474718,0,-3.05,1,8.80768941603306,1.5180878045381094,1.9240960916044898
32,3527,4.0,0.9535471534487262,6.266840914789249,0.5,6.0,46.446782823679065,34,4.93,0.25,9.999999999,8.0,10.0,8.0,10.0,0.300608649581996,-99,1.0998049042495721,22.097027504584627,0.06348834137334633,0.03225806451612903,0.00204801101204343,0.25,0.015872085343336586,47.13070798147537,0,-3.05,1,9.10357708907981,1.5180878045381094,1.9240960916044898
33,3527,4.5,0.7477150091634073,6.266840914789249,0.5,6.0,34.68815077826846,3,4.93,0.25,9.999999999,8.0,10.0,8.0,10.0,0.300608649581996,-99,1.7886600333464624,17.327175759812057,0.10325382107242537,0.03225806451612903,0.003330768421691141,0.25,0.025813455268106345,35.59870509696923,0,-3.05,1,9.231874312430193,1.5180878045381094,1.9240960916044898
34,3527,5.0,0.811576686678871,6.266840914789249,0.5,6.0,28.43643070062698,6,4.93,0.25,9.999999999,8.0,10.0,8.0,10.0,0.300608649581996,-99,1.518241554552002,18.80707451410475,0.08764339723359169,0.03225806451612903,0.002827206362373925,0.25,0.021910849308397925,29.5403214464003,0,-3.05,1,9.484766411322116,1.5180878045381094,1.9240960916044898
35,3527,5.5,1.2061304759624656,6.266840914789249,0.5,6.0,6.801060058203573,2,4.93,0.25,9.999999999,8.0,10.0,8.0,10.0,0.300608649581996,-99,0.687402991305443,27.950267802769403,0.039681652267988025,0.03225806451612903,0.0012800532989673556,0.25,0.009920413066997008,10.500210382672757,0,-3.05,1,8.614653902135837,1.5180878045381094,1.9240960916044898
36,3527,6.0,0.5083030475042365,6.266840914789249,0.5,6.0,10.066834709876996,3,4.93,0.25,9.999999999,8.0,10.0,8.0,10.0,0.300608649581996,-99,3.870388610412581,11.779162027532875,0.22342558429765347,0.03225806451612903,0.007207276912827531,0.25,0.055856396074413374,12.858505404637082,0,-3.05,1,9.383030999813437,1.5180878045381094,1.9240960916044898
37,3527,6.0,4.47213595499958,6.266840914789249,0.5,,0.0,0,4.93,0.25,9.999999999,8.0,10.0,8.0,10.0,0.300608649581996,-99,0.04999999999999999,103.63505448520151,0.002886345620392837,0.03225806451612903,9.310792323847862e-05,0.25,0.0007215864050982094,8.000000010318548,0,-3.05,1,8.754424462033919,1.5180878045381094,1.9240960916044898
38,3534,3.0,0.614214305761551,5.371429113167638,0.5,5.0,27.6224949636535,13,4.2,0.25,6.9999999993,1.0,7.0,1.0,7.0,0.5083292898219007,-99,2.650697357347341,9.840431348437479,0.32013519495726134,0.03225806451612903,0.01032694177281488,0.1,0.03201351949572614,28.49565279138667,0,-3.05,1,7.43707476184051,1.5180878045381094,1.9240960916044898
39,3534,4.0,0.9325988554089042,5.371429113167638,0.5,5.0,14.611405772550134,18,4.2,0.25,6.9999999993,1.0,7.0,1.0,7.0,0.5083292898219007,-99,1.149768070076671,14.94132410495407,0.13886203351331772,0.03225806451612903,0.004479420435913475,0.1,0.013886203351331772,16.201641232921787,0,-3.05,1,7.689154983491349,1.5180878045381094,1.9240960916044898
40,3534,4.5,1.4712264650571143,5.371429113167638,0.5,5.0,8.049130691130243,6,4.2,0.25,6.9999999993,1.0,7.0,1.0,7.0,0.5083292898219007,-99,0.4619989014101249,23.570768201903963,0.05579743306530567,0.03225806451612903,0.0017999171956550215,0.1,0.005579743306530567,10.667169487408307,0,-3.05,1,7.635550046331025,1.5180878045381094,1.9240960916044898
41,3534,5.0,0.5020458146424487,5.371429113167638,0.5,5.0,12.362412632257485,2,4.2,0.25,6.9999999993,1.0,7.0,1.0,7.0,0.5083292898219007,-99,3.9674667724657815,8.043360967690184,0.4791666408725193,0.03225806451612903,0.015456988415242559,0.1,0.04791666408725193,14.20666203161036,0,-3.05,1,8.515100749346022,1.5180878045381094,1.9240960916044898
42,3534,5.0,4.47213595499958,5.371429113167638,0.5,,0.0,0,4.2,0.25,6.9999999993,1.0,7.0,1.0,7.0,0.5083292898219007,-99,0.04999999999999999,71.64884704449857,0.0060386975915959215,0.03225806451612903,0.00019479669650309425,0.1,0.0006038697591595922,6.9999999993,0,-3.05,1,7.5775490219110235,1.5180878045381094,1.9240960916044898
43,3599,3.0,0.7546270892120515,4.770567747045412,0.5,4.0,40.68402996711146,5,3.97,0.25,10.380126083591215,5.0,11.0,5.0,11.0,0.365923298724088,-99,1.7560432884605568,12.290373929180845,0.2052255844893504,0.03225806451612903,0.006620180144817755,0.1,0.02052255844893504,42.14487267761191,0,-3.05,1,7.955471475736175,1.5180878045381094,1.9240960916044898
44,3599,3.5,0.71,4.770567747045412,0.5,4.0,35.75662932349982,1,3.97,0.25,10.380126083591215,5.0,11.0,5.0,11.0,0.365923298724088,-99,1.9837333862328903,11.563546570836571,0.23183531199710944,0.03225806451612903,0.007478558451519659,0.1,0.023183531199710946,37.41038009998646,0,-3.05,1,8.29762596836295,1.5180878045381094,1.9240960916044898
45,3599,4.0,0.4580187327707409,4.770567747045412,0.5,4.0,14.026019158999533,6,3.97,0.25,10.380126083591215,5.0,11.0,5.0,11.0,0.365923298724088,-99,4.766872306621459,7.459606967197201,0.5570956944746528,0.03225806451612903,0.017970828854021056,0.1,0.05570956944746528,17.82496036730286,0,-3.05,1,7.815637147339057,1.5180878045381094,1.9240960916044898
46,3599,4.0,4.47213595499958,4.770567747045412,0.5,,0.0,0,3.97,0.25,10.380126083591215,5.0,11.0,5.0,11.0,0.365923298724088,-99,0.04999999999999999,72.83627096725397,0.005843409038887143,0.03225806451612903,0.000188497065770553,0.1,0.0005843409038887142,10.999999938513445,0,-3.05,1,7.176247682328498,1.5180878045381094,1.9240960916044898
47,3612,3.0,0.7882550375454842,5.829986220332971,0.5,6.0,83.93968565864044,314,3.97,0.25,5.0000000005,5.0,15.0,5.0,15.0,0.2883928473352713,-99,1.6094092393207646,16.211210907073514,0.1179589184448588,0.03225806451612903,0.0038051264014470577,0.1,0.01179589184448588,84.49408833060849,0,-3.05,1,8.876820289392592,1.5180878045381094,1.9240960916044898
48,3612,3.5,0.8923764302948007,5.829986220332971,0.5,6.0,62.04675513297424,55,3.97,0.25,5.0000000005,5.0,15.0,5.0,15.0,0.2883928473352713,-99,1.2557518247093031,18.352565896764915,0.09203819852580374,0.03225806451612903,0.0029689741459936686,0.1,0.009203819852580375,62.79474465972903,0,-3.05,1,8.983666061401774,1.5180878045381094,1.9240960916044898
49,3612,4.0,1.012188338547122,5.829986220332971,0.5,6.0,36.57567590947517,92,3.97,0.25,5.0000000005,5.0,15.0,5.0,15.0,0.2883928473352713,-99,0.9760618558643296,20.816611188381902,0.07153879699462248,0.03225806451612903,0.00230770312885879,0.1,0.007153879699462249,37.83067806138642,0,-3.05,1,8.812424582703965,1.5180878045381094,1.9240960916044898
50,3612,4.5,0.6941932537368488,5.829986220332971,0.5,6.0,19.118996253803825,23,3.97,0.25,5.0000000005,5.0,15.0,5.0,15.0,0.2883928473352713,-99,2.075100917174081,14.276741296367915,0.1520909995254499,0.03225806451612903,0.004906161275014513,0.1,0.015209099952544991,21.422328353899026,0,-3.05,1,8.559143348802163,1.5180878045381094,1.9240960916044898
51,3612,5.0,0.6514327308285117,5.829986220332971,0.5,6.0,16.41783276325796,20,3.97,0.25,5.0000000005,5.0,15.0,5.0,15.0,0.2883928473352713,-99,2.3564642135899363,13.397330671194712,0.17271304476069518,0.03225806451612903,0.005571388540667586,0.1,0.01727130447606952,19.05060017405247,0,-3.05,1,8.903721420107862,1.5180878045381094,1.9240960916044898
52,3612,5.5,0.5473977741403535,5.829986220332971,0.5,6.0,4.9663672052590675,2,3.97,0.25,5.0000000005,5.0,15.0,5.0,15.0,0.2883928473352713,-99,3.337289989483384,11.257753320910192,0.24460100518775188,0.03225806451612903,0.007890355006056513,0.1,0.024460100518775188,10.864848713478443,0,-3.05,1,8.659872234393415,1.5180878045381094,1.9240960916044898
53,3612,6.0,0.71,5.829986220332971,0.5,6.0,6.15849337074823,1,3.97,0.25,5.0000000005,5.0,15.0,5.0,15.0,0.2883928473352713,-99,1.9837333862328903,14.60182199388487,0.1453943714289512,0.03225806451612903,0.0046901410138371355,0.1,0.014539437142895122,11.458934284952127,0,-3.05,1,9.230389897925466,1.5180878045381094,1.9240960916044898
54,3612,6.0,4.47213595499958,5.829986220332971,0.5,,0.0,0,3.97,0.25,5.0000000005,5.0,15.0,5.0,15.0,0.2883928473352713,-99,0.04999999999999999,91.97370865824814,0.0036646651318667147,0.03225806451612903,0.00011821500425376499,0.1,0.0003664665131866715,9.663339709919207,0,-3.05,1,9.00463810400585,1.5180878045381094,1.9240960916044898
55,3649,3.0,0.45383291626196415,4.479030447277449,0.5,4.0,16.751118451441016,6,3.75,0.25,7.9999999992,2.0,8.0,2.0,8.0,0.468781062759166,-99,4.855209970298163,7.892504635307133,0.4976591604596982,0.03225806451612903,0.016053521305151554,0.1,0.049765916045969825,18.563404034858685,0,-3.05,1,6.869405732610403,1.5180878045381094,1.9240960916044898
56,3649,3.5,1.0639393036156424,4.479030447277449,0.5,4.0,14.15223573657364,3,3.75,0.25,7.9999999992,2.0,8.0,2.0,8.0,0.468781062759166,-99,0.8834181029800843,18.502725528671988,0.0905503807566471,0.03225806451612903,0.002920980024407971,0.1,0.00905503807566471,16.256868589330235,0,-3.05,1,7.193662530277486,1.5180878045381094,1.9240960916044898
57,3649,4.0,0.5020458146424487,4.479030447277449,0.5,4.0,15.06058772193721,2,3.75,0.25,7.9999999992,2.0,8.0,2.0,8.0,0.468781062759166,-99,3.9674667724657815,8.730964143894033,0.406665457357309,0.03225806451612903,0.013118240559913194,0.1,0.040666545735730905,17.053483588914197,0,-3.05,1,7.757029978194252,1.5180878045381094,1.9240960916044898
58,3649,4.0,4.47213595499958,4.479030447277449,0.5,,0.0,0,3.75,0.25,7.9999999992,2.0,8.0,2.0,8.0,0.468781062759166,-99,0.04999999999999999,77.77389539145703,0.005125001426345485,0.03225806451612903,0.00016532262665630595,0.1,0.0005125001426345485,7.9999999992,0,-3.05,1,6.754424460192968,1.5180878045381094,1.9240960916044898
59,3680,3.0,0.6081528990256952,4.9128482486980545,0.5,4.5,15.17804808028929,9,3.56,0.25,4.598675348901605,3.0,5.5,3.0,5.5,0.2753161101588863,-99,2.70379921317626,12.962963933131023,0.1844816050392868,0.03225806451612903,0.005951019517396348,0.1,0.018448160503928678,15.846334258580653,0,-3.05,1,6.65978287838584,1.5180878045381094,1.9240960916044898
60,3680,3.5,0.4099186911246343,4.9128482486980545,0.5,4.5,13.906369276461138,3,3.56,0.25,4.598675348901605,3.0,5.5,3.0,5.5,0.2753161101588863,-99,5.95120015869867,8.737541524636221,0.40605343467685157,0.03225806451612903,0.013098497892801663,0.1,0.04060534346768516,14.632849085547068,0,-3.05,1,7.05425312537802,1.5180878045381094,1.9240960916044898
61,3680,4.0,0.71,4.9128482486980545,0.5,4.5,7.380271538477438,1,3.56,0.25,4.598675348901605,3.0,5.5,3.0,5.5,0.2753161101588863,-99,1.9837333862328903,15.133865853912765,0.13535114489228386,0.03225806451612903,0.004366165964267222,0.1,0.013535114489228388,8.671884102590022,0,-3.05,1,6.8612460682609395,1.5180878045381094,1.9240960916044898
62,3680,4.5,0.5020458146424487,4.9128482486980545,0.5,4.5,4.289641380945798,2,3.56,0.25,4.598675348901605,3.0,5.5,3.0,5.5,0.2753161101588863,-99,3.9674667724657815,10.701259170869255,0.2707022897845678,0.03225806451612903,0.008732331928534445,0.1,0.02707022897845678,6.255732497814783,0,-3.05,1,6.928648417055553,1.5180878045381094,1.9240960916044898
63,3680,4.5,4.47213595499958,4.9128482486980545,0.5,,0.0,0,3.56,0.25,4.598675348901605,3.0,5.5,3.0,5.5,0.2753161101588863,-99,0.04999999999999999,95.32493749777986,0.0034115256070100138,0.03225806451612903,0.00011004921312935529,0.1,0.0003411525607010014,4.553368632901735,0,-3.05,1,6.507915074973222,1.5180878045381094,1.9240960916044898
64,3681,3.0,0.37347846260228446,5.0752987583001055,0.5,4.5,17.3119349037815,8,3.67,0.25,6.9999999993,1.0,7.0,1.0,7.0,0.27264309042883883,-99,7.1691699410364516,7.6971294256798215,0.5232438294313906,0.03225806451612903,0.016878833207464212,0.1,0.05232438294313906,17.708494906140288,0,-3.05,1,6.8069540351592455,1.5180878045381094,1.9240960916044898
65,3681,3.5,0.71,5.0752987583001055,0.5,4.5,10.493762356337193,1,3.67,0.25,6.9999999993,1.0,7.0,1.0,7.0,0.27264309042883883,-99,1.9837333862328903,14.632602517838592,0.14478332388830728,0.03225806451612903,0.004670429802848622,0.1,0.014478332388830728,11.135831810839635,0,-3.05,1,6.692504122099532,1.5180878045381094,1.9240960916044898
66,3681,4.0,0.5808730815455845,5.0752987583001055,0.5,4.5,8.307032473855836,5,3.67,0.25,6.9999999993,1.0,7.0,1.0,7.0,0.27264309042883883,-99,2.9637222302740214,11.97138720502617,0.21630807776825106,0.03225806451612903,0.006977679928008099,0.1,0.021630807776825106,9.104641137888073,0,-3.05,1,6.92575163950128,1.5180878045381094,1.9240960916044898
67,3681,4.5,0.8071951598401357,5.0752987583001055,0.5,4.5,4.519981499421367,2,3.67,0.25,6.9999999993,1.0,7.0,1.0,7.0,0.27264309042883883,-99,1.5347685875671346,16.63572665952661,0.11201550523344624,0.03225806451612903,0.0036134033946272977,0.1,0.011201550523344624,5.858151114740885,0,-3.05,1,6.841669739698569,1.5180878045381094,1.9240960916044898
68,3681,4.5,4.47213595499958,5.0752987583001055,0.5,,0.0,0,3.67,0.25,6.9999999993,1.0,7.0,1.0,7.0,0.27264309042883883,-99,0.04999999999999999,92.16758850034275,0.003649263678604784,0.03225806451612903,0.00011771818318079948,0.1,0.0003649263678604784,3.726620684752935,0,-3.05,1,6.242511330123065,1.5180878045381094,1.9240960916044898
69,3736,2.0,0.9798481058630105,4.967490059667762,0.5,4.0,62.457118642415395,52,4.2,0.25,9.999999829588653,2.0,10.0,2.0,10.0,0.5068027837786019,-99,1.0415556644304511,11.08159610197252,0.25243935370719955,0.03225806451612903,0.008143204958296759,0.1,0.025243935370719957,63.01629681443313,0,-3.05,1,7.4883312780402465,1.5180878045381094,1.9240960916044898
70,3736,3.0,1.0196920256627013,4.967490059667762,0.5,4.0,35.3920782969177,33,4.2,0.25,9.999999829588653,2.0,10.0,2.0,10.0,0.5068027837786019,-99,0.9617494664120679,11.532211073515146,0.23309691648795994,0.03225806451612903,0.007519255370579353,0.1,0.023309691648795997,36.36978417955123,0,-3.05,1,7.76025920799637,1.5180878045381094,1.9240960916044898
71,3736,3.5,0.9135375987785176,4.967490059667762,0.5,4.0,26.482789700422558,14,4.2,0.25,9.999999829588653,2.0,10.0,2.0,10.0,0.5068027837786019,-99,1.1982491982445653,10.331657154874048,0.29041679049427926,0.03225806451612903,0.009368283564331588,0.1,0.029041679049427928,27.77589144219838,0,-3.05,1,7.903187418685818,1.5180878045381094,1.9240960916044898
72,3736,4.0,1.0694058233642159,4.967490059667762,0.5,4.0,19.4037434970599,24,4.2,0.25,9.999999829588653,2.0,10.0,2.0,10.0,0.5068027837786019,-99,0.8744095871354836,12.094449468963326,0.21192855897199153,0.03225806451612903,0.006836405128128759,0.1,0.021192855897199155,21.134503940042602,0,-3.05,1,8.041225779071523,1.5180878045381094,1.9240960916044898
73,3736,4.0,4.47213595499958,4.967490059667762,0.5,,0.0,0,4.2,0.25,9.999999829588653,2.0,10.0,2.0,10.0,0.5068027837786019,-99,0.04999999999999999,50.57763960544217,0.012118380338569794,0.03225806451612903,0.00039091549479257397,0.1,0.0012118380338569795,8.376275729223698,0,-3.05,1,6.815305443124705,1.5180878045381094,1.9240960916044898
74,3775,3.0,0.7937704390944573,4.439044731620476,0.5,4.0,20.330836574477257,39,3.62,0.25,6.934200708669393,4.0,15.0,4.0,15.0,0.42729620301891547,-99,1.5871214364722077,10.353341038720307,0.28920157515929795,0.03225806451612903,0.009329083069654772,0.1,0.028920157515929797,21.610990848017384,0,-3.05,1,7.0707577722369175,1.5180878045381094,1.9240960916044898
75,3775,3.5,0.6222876796709649,4.439044731620476,0.5,4.0,12.762032178945631,13,3.62,0.25,6.934200708669393,4.0,15.0,4.0,15.0,0.42729620301891547,-99,2.5823648078620267,8.116649669112661,0.4705525065111888,0.03225806451612903,0.015179113113264154,0.1,0.04705525065111888,14.716027825178669,0,-3.05,1,7.061761330998004,1.5180878045381094,1.9240960916044898
76,3775,4.0,0.887896529748943,4.439044731620476,0.5,4.0,7.733200122205365,11,3.62,0.25,6.934200708669393,4.0,15.0,4.0,15.0,0.42729620301891547,-99,1.2684556370265085,11.5810505491666,0.23113503467204963,0.03225806451612903,0.007455968860388697,0.1,0.023113503467204963,10.653374758500995,0,-3.05,1,7.1338359742132935,1.5180878045381094,1.9240960916044898
77,3775,4.0,4.47213595499958,4.439044731620476,0.5,,0.0,0,3.62,0.25,6.934200708669393,4.0,15.0,4.0,15.0,0.42729620301891547,-99,0.04999999999999999,58.331157767042995,0.009110883657463665,0.03225806451612903,0.00029389947282140857,0.1,0.0009110883657463666,7.3274831705701695,0,-3.05,1,6.63811223041365,1.5180878045381094,1.9240960916044898
78,3783,3.0,0.9055497908282587,5.235264411732418,0.5,5.0,59.464086662549676,77,3.96,0.25,7.0000000007,7.0,18.0,7.0,18.0,0.4985020813626044,-99,1.2194818215936567,10.244073337542803,0.2954039756974582,0.03225806451612903,0.009529160506369618,0.1,0.02954039756974582,60.54509505167208,0,-3.05,1,8.435340844299263,1.5180878045381094,1.9240960916044898
79,3783,3.5,1.162212563026585,5.235264411732418,0.5,5.0,41.5568810956855,25,3.96,0.25,7.0000000007,7.0,18.0,7.0,18.0,0.4985020813626044,-99,0.7403360008824462,13.147582661985183,0.1793369889899875,0.03225806451612903,0.005785064160967339,0.1,0.017933698898998752,43.08950334600912,0,-3.05,1,8.484833039604503,1.5180878045381094,1.9240960916044898
80,3783,4.0,1.307442217650287,5.235264411732418,0.5,5.0,26.28820115379199,30,3.96,0.25,7.0000000007,7.0,18.0,7.0,18.0,0.4985020813626044,-99,0.5849988216900115,14.790499758117969,0.14170853115278345,0.03225806451612903,0.004571242940412369,0.1,0.014170853115278347,28.64961521743388,0,-3.05,1,8.444212320148415,1.5180878045381094,1.9240960916044898
81,3783,4.5,1.1665340093784073,5.235264411732418,0.5,5.0,12.038669514273677,9,3.96,0.25,7.0000000007,7.0,18.0,7.0,18.0,0.4985020813626044,-99,0.7348609846192937,13.196469221068623,0.17801073586960078,0.03225806451612903,0.005742281802245186,0.1,0.01780107358696008,16.572884356040465,0,-3.05,1,8.219164204706857,1.5180878045381094,1.9240960916044898
82,3783,5.0,1.1190794999203735,5.235264411732418,0.5,5.0,11.923735837030172,4,3.96,0.25,7.0000000007,7.0,18.0,7.0,18.0,0.4985020813626044,-99,0.7985058823349869,12.659637917026709,0.19342790362492177,0.03225806451612903,0.006239609794352315,0.1,0.019342790362492177,16.489584849718504,0,-3.05,1,8.712489651369792,1.5180878045381094,1.9240960916044898
83,3783,5.0,4.47213595499958,5.235264411732418,0.5,,0.0,0,3.96,0.25,7.0000000007,7.0,18.0,7.0,18.0,0.4985020813626044,-99,0.04999999999999999,50.59124209677645,0.012111864665248353,0.03225806451612903,0.0003907053117822049,0.1,0.0012111864665248354,11.389948735827936,0,-3.05,1,8.222391396669412,1.5180878045381094,1.9240960916044898
84,3795,3.0,0.7379925801312301,5.767283654236663,0.5,6.0,78.23173629355814,38,4.07,0.25,4.354425321370264,4.0,8.0,4.0,8.0,0.37467231804444073,-99,1.836098641220138,14.379061890806605,0.14993415893422143,0.03225806451612903,0.004836585772071659,0.1,0.014993415893422145,78.6397135809459,0,-3.05,1,8.781707865313063,1.5180878045381094,1.9240960916044898
85,3795,3.5,1.1074514309915944,5.767283654236663,0.5,6.0,59.77917739648758,34,4.07,0.25,4.354425321370264,4.0,8.0,4.0,8.0,0.37467231804444073,-99,0.8153622918152209,21.577605379797777,0.06658174931645036,0.03225806451612903,0.002147798365046786,0.1,0.0066581749316450365,60.31210524255572,0,-3.05,1,8.930233688808162,1.5180878045381094,1.9240960916044898
86,3795,4.0,1.0065048230574078,5.767283654236663,0.5,6.0,33.33031105868633,32,4.07,0.25,4.354425321370264,4.0,8.0,4.0,8.0,0.37467231804444073,-99,0.9871161999895868,19.61075969295558,0.08060701854091658,0.03225806451612903,0.002600226404545696,0.1,0.008060701854091658,34.27695470512474,0,-3.05,1,8.681756803309806,1.5180878045381094,1.9240960916044898
87,3795,4.5,1.2674258919776755,5.767283654236663,0.5,6.0,18.62233816189774,6,4.07,0.25,4.354425321370264,4.0,8.0,4.0,8.0,0.37467231804444073,-99,0.6225222092234227,24.69455091203911,0.05083460210817545,0.03225806451612903,0.0016398258744572724,0.1,0.005083460210817545,20.26799119805556,0,-3.05,1,8.485772656392998,1.5180878045381094,1.9240960916044898
88,3795,5.0,0.4099186911246343,5.767283654236663,0.5,6.0,6.878330602627339,3,4.07,0.25,4.354425321370264,4.0,8.0,4.0,8.0,0.37467231804444073,-99,5.95120015869867,7.9868638094321165,0.4859696371490914,0.03225806451612903,0.015676439908035206,0.1,0.048596963714909146,10.550422762497458,0,-3.05,1,8.120973080480987,1.5180878045381094,1.9240960916044898
89,3795,6.0,0.71,5.767283654236663,0.5,6.0,5.48026437137097,1,4.07,0.25,4.354425321370264,4.0,8.0,4.0,8.0,0.37467231804444073,-99,1.9837333862328903,13.833653911069536,0.16198987904969714,0.03225806451612903,0.0052254799693450685,0.1,0.016198987904969715,9.697076165963779,0,-3.05,1,9.00925446074627,1.5180878045381094,1.9240960916044898
90,3795,6.0,4.47213595499958,5.767283654236663,0.5,,0.0,0,4.07,0.25,4.354425321370264,4.0,8.0,4.0,8.0,0.37467231804444073,-99,0.04999999999999999,87.13518457002061,0.004082954901447616,0.03225806451612903,0.00013170822262734244,0.1,0.0004082954901447616,7.999999286774013,0,-3.05,1,8.754424342233193,1.5180878045381094,1.9240960916044898
91,380116,3.0,0.7762842307007255,4.671688541908393,0.375,4.5,14.761012676746287,46,3.3,0.25,3.0000000301176257,3.0,9.0,3.0,9.0,0.43618770053556094,-99,1.6594282218603176,10.348062358504393,0.28949670132884725,0.03225806451612903,0.009338603268672491,0.1,0.028949670132884728,15.680193376419489,0,-3.05,1,6.645821813707059,1.5180878045381094,1.9240960916044898
92,380116,3.5,0.622748756154631,4.671688541908393,0.375,4.5,13.54835444690094,15,3.3,0.25,3.0000000301176257,3.0,9.0,3.0,9.0,0.43618770053556094,-99,2.578542313173398,8.3013961993691,0.4498413875736706,0.03225806451612903,0.01451101250237647,0.1,0.044984138757367065,14.544376139859196,0,-3.05,1,7.046220047509425,1.5180878045381094,1.9240960916044898
93,380116,4.0,1.2253017379374866,4.671688541908393,0.375,4.5,5.867084313842209,8,3.3,0.25,3.0000000301176257,3.0,9.0,3.0,9.0,0.43618770053556094,-99,0.6660608403756043,16.333577690629586,0.11619810584930992,0.03225806451612903,0.0037483259951390296,0.1,0.011619810584930994,7.899597928032688,0,-3.05,1,6.737695211050344,1.5180878045381094,1.9240960916044898
94,380116,4.5,1.1460112668737423,4.671688541908393,0.375,4.5,3.5348280157082943,3,3.3,0.25,3.0000000301176257,3.0,9.0,3.0,9.0,0.43618770053556094,-99,0.7614163973743179,15.276615940598708,0.13283342567866382,0.03225806451612903,0.004284949215440768,0.1,0.013283342567866382,6.36207341827185,0,-3.05,1,6.950975963492146,1.5180878045381094,1.9240960916044898
95,380116,4.5,3.872983346207417,4.671688541908393,0.375,,0.0,0,3.3,0.25,3.0000000301176257,3.0,9.0,3.0,9.0,0.43618770053556094,-99,0.06666666666666665,51.62783371733112,0.011630379569508353,0.03225806451612903,0.0003751735345002695,0.1,0.0011630379569508354,5.289704063446747,0,-3.05,1,6.706465696119055,1.5180878045381094,1.9240960916044898
96,408,3.0,0.879429088164879,5.771764441130826,0.5,5.0,24.396899094336106,89,3.92,0.25,6.0000000006,6.0,12.0,6.0,12.0,0.32608980361412093,-99,1.2929994714271302,17.112258674390272,0.10586368829093935,0.03225806451612903,0.0034149576868044954,0.1,0.010586368829093936,25.123866848604692,0,-3.05,1,7.270263773349843,1.5180878045381094,1.9240960916044898
97,408,3.5,0.5503758437495415,5.771764441130826,0.5,5.0,29.181741166958062,5,3.92,0.25,6.0000000006,6.0,12.0,6.0,12.0,0.32608980361412093,-99,3.3012717193119463,10.70941811355255,0.2702899792149136,0.03225806451612903,0.008719031587577858,0.1,0.02702899792149136,29.792180476469575,0,-3.05,1,7.996011985106093,1.5180878045381094,1.9240960916044898
98,408,4.0,0.7532988502803583,5.771764441130826,0.5,5.0,22.33837535188309,23,3.92,0.25,6.0000000006,6.0,12.0,6.0,12.0,0.32608980361412093,-99,1.7622413634445986,14.657969537961758,0.14428263469217728,0.03225806451612903,0.004654278538457331,0.1,0.014428263469217729,23.130132151996406,0,-3.05,1,8.160743247948336,1.5180878045381094,1.9240960916044898
99,408,4.5,0.5609489897986455,5.771764441130826,0.5,5.0,15.247953555573028,4,3.92,0.25,6.0000000006,6.0,12.0,6.0,12.0,0.32608980361412093,-99,3.177995365280992,10.91515432654492,0.260196789074339,0.03225806451612903,0.008393444808849645,0.1,0.026019678907433903,16.385972282416205,0,-3.05,1,8.204140258482859,1.5180878045381094,1.9240960916044898
100,408,5.0,0.6167076986237264,5.771764441130826,0.5,5.0,15.400690254143584,6,3.92,0.25,6.0000000006,6.0,12.0,6.0,12.0,0.32608980361412093,-99,2.6293067728182122,12.000128045979025,0.21527318360900802,0.03225806451612903,0.0069442962454518715,0.1,0.021527318360900802,16.52819591822632,0,-3.05,1,8.715587629053536,1.5180878045381094,1.9240960916044898
101,408,5.0,4.47213595499958,5.771764441130826,0.5,,0.0,0,3.92,0.25,6.0000000006,6.0,12.0,6.0,12.0,0.32608980361412093,-99,0.04999999999999999,87.02048672131976,0.004093725118622583,0.03225806451612903,0.00013205564898782527,0.1,0.0004093725118622584,6.0000000006,0,-3.05,1,7.373361313802572,1.5180878045381094,1.9240960916044898
102,503,3.0,1.0064692821594639,4.940896953735075,0.5,5.0,15.179397059942236,34,3.62,0.25,7.0000000007,7.0,13.0,7.0,13.0,0.41929418881473823,-99,0.9871859162068185,14.26945352531597,0.15224639264218295,0.03225806451612903,0.00491117395619945,0.1,0.015224639264218296,16.71568410544968,0,-3.05,1,6.730528673395668,1.5180878045381094,1.9240960916044898
103,503,3.5,0.71,4.940896953735075,0.5,5.0,22.997142242725225,1,3.62,0.25,7.0000000007,7.0,13.0,7.0,13.0,0.41929418881473823,-99,1.9837333862328903,10.066190973297033,0.30593654858680785,0.03225806451612903,0.009868920922155092,0.1,0.030593654858680788,24.038896633205464,0,-3.05,1,7.711789316520645,1.5180878045381094,1.9240960916044898
104,503,4.0,1.0088665025896486,4.940896953735075,0.5,5.0,12.28144308508501,24,3.62,0.25,7.0000000007,7.0,13.0,7.0,13.0,0.41929418881473823,-99,0.9825000818455594,14.303440678351647,0.1515237310175503,0.03225806451612903,0.004887862290888719,0.1,0.01515237310175503,14.13625991066882,0,-3.05,1,7.508520290737531,1.5180878045381094,1.9240960916044898
105,503,4.5,1.4185030656111268,4.940896953735075,0.5,5.0,6.912337152803264,2,3.62,0.25,7.0000000007,7.0,13.0,7.0,13.0,0.41929418881473823,-99,0.4969806074525904,20.11115880936464,0.0766456484595207,0.03225806451612903,0.0024724402728877643,0.1,0.00766456484595207,9.83770323418146,0,-3.05,1,7.528325838131506,1.5180878045381094,1.9240960916044898
106,503,5.0,0.71,4.940896953735075,0.5,5.0,2.264818560854333,1,3.62,0.25,7.0000000007,7.0,13.0,7.0,13.0,0.41929418881473823,-99,1.9837333862328903,10.066190973297033,0.30593654858680785,0.03225806451612903,0.009868920922155092,0.1,0.030593654858680788,7.3572687271425865,0,-3.05,1,7.643485688283905,1.5180878045381094,1.9240960916044898
107,503,5.0,4.47213595499958,4.940896953735075,0.5,,0.0,0,3.62,0.25,7.0000000007,7.0,13.0,7.0,13.0,0.41929418881473823,-99,0.04999999999999999,63.40475293179419,0.0077111307071304905,0.03225806451612903,0.00024874615184291904,0.1,0.000771113070713049,7.0000000007,0,-3.05,1,7.577549022175943,1.5180878045381094,1.9240960916044898
108,560053,3.5,0.4534624719160444,5.5326907181991185,0.25,5.5,82.01108507441262,192,4.34,0.25,10.871544866440761,9.5,13.0,9.5,13.0,0.3201177365839233,-99,4.863145884940654,9.967023583922412,0.3120546956766004,0.03225806451612903,0.010066280505696787,0.14285714285714285,0.044579242239514344,83.03504124794992,0,-3.05,1,9.353747287502562,1.5180878045381094,1.9240960916044898
109,560053,4.0,0.7607844667697634,5.5326907181991185,0.25,5.5,45.09039474661982,173,4.34,0.25,10.871544866440761,9.5,13.0,9.5,13.0,0.3201177365839233,-99,1.7277333892632631,16.7219057633064,0.11086389957298766,0.03225806451612903,0.0035762548249350856,0.14285714285714285,0.01583769993899824,46.92700393560408,0,-3.05,1,9.097839623800054,1.5180878045381094,1.9240960916044898
110,560053,4.5,0.46563024444100043,5.5326907181991185,0.25,5.5,16.989412277446025,13,4.34,0.25,10.871544866440761,9.5,13.0,9.5,13.0,0.3201177365839233,-99,4.612300947239895,10.234469035819684,0.29595866595669784,0.03225806451612903,0.00954705374053864,0.14285714285714285,0.04227980942238541,21.39252508469334,0,-3.05,1,8.557299252230539,1.5180878045381094,1.9240960916044898
111,560053,5.0,0.7203094161545229,5.5326907181991185,0.25,5.5,9.2924051265201,7,4.34,0.25,10.871544866440761,9.5,13.0,9.5,13.0,0.3201177365839233,-99,1.9273554483140538,15.832271429647042,0.12367309805505027,0.03225806451612903,0.003989454775969363,0.14285714285714285,0.017667585436435755,15.979636823206496,0,-3.05,1,8.670879059253366,1.5180878045381094,1.9240960916044898
112,560053,5.5,0.6518098344182031,5.5326907181991185,0.25,5.5,3.4307291697589375,2,4.34,0.25,10.871544866440761,9.5,13.0,9.5,13.0,0.3201177365839233,-99,2.3537383447584963,14.326662941760693,0.15103291578202796,0.03225806451612903,0.0048720295413557406,0.14285714285714285,0.021576130826003997,13.445069825123069,0,-3.05,1,8.942117339142413,1.5180878045381094,1.9240960916044898
113,560053,5.5,3.1622776601683795,5.5326907181991185,0.25,,0.0,0,4.34,0.25,10.871544866440761,9.5,13.0,9.5,13.0,0.3201177365839233,-99,0.09999999999999998,69.50629427972746,0.0064167249566359314,0.03225806451612903,0.00020699112763341714,0.14285714285714285,0.0009166749938051332,12.9999999987,0,-3.05,1,8.897527224403392,1.5180878045381094,1.9240960916044898
114,572,3.0,0.553795878347148,4.574710950073281,0.5,4.5,25.277662193582515,48,3.72,0.25,10.000000001,10.0,16.0,10.0,16.0,0.46000663060648495,-99,3.2606228047466366,12.243468858657877,0.20680104640997976,0.03225806451612903,0.006671001497096121,0.1,0.020680104640997978,29.915885512038717,0,-3.05,1,7.501500680660138,1.5180878045381094,1.9240960916044898
115,572,3.5,0.6809462268336584,4.574710950073281,0.5,4.5,14.42368560834934,8,3.72,0.25,10.000000001,10.0,16.0,10.0,16.0,0.46000663060648495,-99,2.1566236549369564,15.054543106282066,0.13678123943199652,0.03225806451612903,0.004412298046193436,0.1,0.013678123943199652,21.541650506055497,0,-3.05,1,7.566500875498957,1.5180878045381094,1.9240960916044898
116,572,4.0,0.6502870154377233,4.574710950073281,0.5,4.5,18.961291288140472,26,3.72,0.25,10.000000001,10.0,16.0,10.0,16.0,0.46000663060648495,-99,2.3647750536416776,14.37672097969369,0.14998298941705254,0.03225806451612903,0.004838160948937179,0.1,0.014998298941705256,24.80988849854527,0,-3.05,1,8.253605677988933,1.5180878045381094,1.9240960916044898
117,572,4.5,0.355,4.574710950073281,0.5,4.5,22.688264226610148,4,3.72,0.25,10.000000001,10.0,16.0,10.0,16.0,0.46000663060648495,-99,7.934933544931561,7.848435885431015,0.5032635353886037,0.03225806451612903,0.016234307593180765,0.1,0.05032635353886037,27.762516701715192,0,-3.05,1,8.902549440115665,1.5180878045381094,1.9240960916044898
118,572,4.5,4.47213595499958,4.574710950073281,0.5,,0.0,0,3.72,0.25,10.000000001,10.0,16.0,10.0,16.0,0.46000663060648495,-99,0.04999999999999999,98.87118961618313,0.0031711893523674382,0.03225806451612903,0.00010229643072153026,0.1,0.00031711893523674387,15.999999999891786,0,-3.05,1,8.172565947091613,1.5180878045381094,1.9240960916044898
119,640001,3.5,0.75888847551028,7.9999999992,0.25,7.5,112.98588536070258,117,5.14,0.25,6.702166897029836,2.0,7.0,2.0,7.0,0.23315133148989992,-99,1.7363772402778561,20.466870710807278,0.07400461465258079,0.03225806451612903,0.002387245633954219,0.25,0.0185011536631452,113.09963232830596,0,-3.05,1,9.763056638939132,1.5180878045381094,1.9240960916044898
120,640001,4.0,0.7466429555514904,7.9999999992,0.25,7.5,84.51383899134498,175,5.14,0.25,6.702166897029836,2.0,7.0,2.0,7.0,0.23315133148989992,-99,1.7938001503646988,20.136614708942666,0.07645198624593717,0.03225806451612903,0.0024661931047076507,0.25,0.019112996561484297,84.66584626111728,0,-3.05,1,9.879510173603467,1.5180878045381094,1.9240960916044898
121,640001,4.5,0.5896763606323197,7.9999999992,0.25,7.5,53.44474981195736,187,5.14,0.25,6.702166897029836,2.0,7.0,2.0,7.0,0.23315133148989992,-99,2.875891944716045,15.90329834191502,0.12257087354883495,0.03225806451612903,0.003953899146736611,0.25,0.03064271838720874,53.684800684354606,0,-3.05,1,9.776046602380726,1.5180878045381094,1.9240960916044898
122,640001,5.0,0.6929776596608875,7.9999999992,0.25,7.5,45.3434007674415,146,5.14,0.25,6.702166897029836,2.0,7.0,2.0,7.0,0.23315133148989992,-99,2.0823874227764905,18.689286533466497,0.08875161180717552,0.03225806451612903,0.002862955219586307,0.25,0.022187902951793882,45.62609489330617,0,-3.05,1,10.060600563143925,1.5180878045381094,1.9240960916044898
123,640001,5.5,0.6641406945582081,7.9999999992,0.25,7.5,33.89907114396737,87,5.14,0.25,6.702166897029836,2.0,7.0,2.0,7.0,0.23315133148989992,-99,2.267147707993542,17.91156694027891,0.09662611821823677,0.03225806451612903,0.0031169715554269927,0.25,0.024156529554559197,34.27628285680823,0,-3.05,1,10.181730840158185,1.5180878045381094,1.9240960916044898
124,640001,6.0,0.6355362449743679,7.9999999992,0.25,7.5,27.23905822697766,88,5.14,0.25,6.702166897029836,2.0,7.0,2.0,7.0,0.23315133148989992,-99,2.475821629326551,17.14011818294654,0.1055198267845971,0.03225806451612903,0.0034038653801482938,0.25,0.02637995669614928,27.707089979801992,0,-3.05,1,10.399902291046772,1.5180878045381094,1.9240960916044898
125,640001,6.5,0.5459016161211421,7.9999999992,0.25,7.5,21.577181000593825,36,5.14,0.25,6.702166897029836,2.0,7.0,2.0,7.0,0.23315133148989992,-99,3.35560814561321,14.72271375640466,0.1430164378919346,0.03225806451612903,0.004613433480384987,0.25,0.03575410947298366,22.16509151771207,0,-3.05,1,10.60429206284838,1.5180878045381094,1.9240960916044898
126,640001,7.0,0.5966993788969933,7.9999999992,0.25,7.5,8.82551608219391,30,5.14,0.25,6.702166897029836,2.0,7.0,2.0,7.0,0.23315133148989992,-99,2.808593124978479,16.09270589185319,0.11970258945381011,0.03225806451612903,0.0038613738533487133,0.25,0.02992564736345253,10.178716823511097,0,-3.05,1,10.073463748407182,1.5180878045381094,1.9240960916044898
127,640001,7.5,0.5020458146424487,7.9999999992,0.25,7.5,6.800606549156702,2,5.14,0.25,6.702166897029836,2.0,7.0,2.0,7.0,0.23315133148989992,-99,3.9674667724657815,13.539943102021349,0.16909392891850206,0.03225806451612903,0.005454642868338776,0.25,0.04227348222962552,8.483206439348125,0,-3.05,1,10.332108108924858,1.5180878045381094,1.9240960916044898
128,640001,7.5,3.1622776601683795,7.9999999992,0.25,,0.0,0,5.14,0.25,6.702166897029836,2.0,7.0,2.0,7.0,0.23315133148989992,-99,0.09999999999999998,85.2851639087299,0.0042620124783908425,0.03225806451612903,0.00013748427349647877,0.25,0.0010655031195977108,5.071148001800429,0,-3.05,1,9.65057417122311,1.5180878045381094,1.9240960916044898
129,640564,3.5,0.42394586179134713,5.371437670993294,0.25,5.0,24.715091797247954,26,3.46,0.25,6.0000000006,6.0,12.0,6.0,12.0,0.2422226934835758,-99,5.563898506068817,9.968288914818773,0.31197547899442984,0.03225806451612903,0.010063725128852575,0.1,0.031197547899442984,25.608952832366974,0,-3.05,1,7.795595051709068,1.5180878045381094,1.9240960916044898
130,640564,4.0,0.3162813474139178,5.371437670993294,0.25,5.0,18.443419506046062,35,3.46,0.25,6.0000000006,6.0,12.0,6.0,12.0,0.2422226934835758,-99,9.99661207599557,7.436760524252511,0.560523855230016,0.03225806451612903,0.018081414684839228,0.1,0.056052385523001604,19.625045877653477,0,-3.05,1,7.943072576051897,1.5180878045381094,1.9240960916044898
131,640564,4.5,0.8000183824550358,5.371437670993294,0.25,5.0,11.568499278536958,12,3.46,0.25,6.0000000006,6.0,12.0,6.0,12.0,0.2422226934835758,-99,1.5624281960099016,18.810926328613938,0.08760750835280659,0.03225806451612903,0.002826048656542148,0.1,0.00876075083528066,13.372093261023627,0,-3.05,1,7.934908160338178,1.5180878045381094,1.9240960916044898
132,640564,5.0,1.2788278874960213,5.371437670993294,0.25,5.0,5.722768363846028,15,3.46,0.25,6.0000000006,6.0,12.0,6.0,12.0,0.2422226934835758,-99,0.611470913362249,30.069230540482856,0.034286019214634054,0.03225806451612903,0.0011060006198269049,0.1,0.0034286019214634054,8.816619554582148,0,-3.05,1,7.8831714079939905,1.5180878045381094,1.9240960916044898
133,640564,5.0,3.1622776601683795,5.371437670993294,0.25,,0.0,0,3.46,0.25,6.0000000006,6.0,12.0,6.0,12.0,0.2422226934835758,-99,0.09999999999999998,74.35500658560478,0.005607138208113301,0.03225806451612903,0.000180875426068171,0.1,0.0005607138208113302,6.706914538295784,0,-3.05,1,7.520894455982312,1.5180878045381094,1.9240960916044898
134,640566,3.0,0.4593459506672658,5.49999999945,0.25,5.0,35.43144115096563,46,4.1,0.25,7.635543171177874,6.0,12.0,6.0,12.0,0.24106967985098934,-99,4.739365638992068,11.27979333753345,0.2436460686548867,0.03225806451612903,0.007859550601770538,0.1,0.02436460686548867,35.995014732453974,0,-3.05,1,7.746539184742081,1.5180878045381094,1.9240960916044898
135,640566,3.5,0.4483867230388815,5.49999999945,0.25,5.0,27.865322838037464,40,4.1,0.25,7.635543171177874,6.0,12.0,6.0,12.0,0.24106967985098934,-99,4.973870928052417,11.0106762970815,0.2557017520755233,0.03225806451612903,0.008248443615339461,0.1,0.025570175207552334,28.578493319685172,0,-3.05,1,7.940919952586369,1.5180878045381094,1.9240960916044898
136,640566,4.0,0.48075275638831244,5.49999999945,0.25,5.0,18.35965723487464,52,4.1,0.25,7.635543171177874,6.0,12.0,6.0,12.0,0.24106967985098934,-99,4.326696518249248,11.805463247542178,0.2224311600398932,0.03225806451612903,0.007175198710964296,0.1,0.02224311600398932,19.425011643170834,0,-3.05,1,7.929501927744531,1.5180878045381094,1.9240960916044898
137,640566,4.5,0.5784036027450313,5.49999999945,0.25,5.0,12.963467421219827,8,4.1,0.25,7.635543171177874,6.0,12.0,6.0,12.0,0.24106967985098934,-99,2.989083320694745,14.203397450595368,0.15366579737537472,0.03225806451612903,0.004956961205657249,0.1,0.015366579737537474,14.43279429411594,0,-3.05,1,8.036018786518996,1.5180878045381094,1.9240960916044898
138,640566,5.0,0.6561322563827635,5.49999999945,0.25,5.0,11.40343760893829,18,4.1,0.25,7.635543171177874,6.0,12.0,6.0,12.0,0.24106967985098934,-99,2.3228289086394334,16.112118204886794,0.11941432142135384,0.03225806451612903,0.0038520748845598013,0.1,0.011941432142135385,13.049615046283398,0,-3.05,1,8.402572986544595,1.5180878045381094,1.9240960916044898
139,640566,5.0,3.1622776601683795,5.49999999945,0.25,,0.0,0,4.1,0.25,7.635543171177874,6.0,12.0,6.0,12.0,0.24106967985098934,-99,0.09999999999999998,77.65353853839923,0.005140900432968143,0.03225806451612903,0.00016583549783768202,0.1,0.0005140900432968143,6.344609015159075,0,-3.05,1,7.447334835119295,1.5180878045381094,1.9240960916044898
140,640567,4.0,0.6068051480136489,5.4544757239470645,0.25,5.0,15.803878516987258,24,3.74,0.25,6.0000000006,6.0,12.0,6.0,12.0,0.36016870271692225,-99,2.7158231551739385,10.050641325326437,0.3068839280594921,0.03225806451612903,0.009899481550306196,0.1,0.030688392805949212,17.300395413626987,0,-3.05,1,7.7760708895821935,1.5180878045381094,1.9240960916044898
141,640567,4.5,0.6586107273490831,5.4544757239470645,0.25,5.0,16.38838244000316,8,3.74,0.25,6.0000000006,6.0,12.0,6.0,12.0,0.36016870271692225,-99,2.305379355098879,10.908708034640972,0.2605043965444396,0.03225806451612903,0.008403367630465793,0.1,0.02605043965444396,17.83592398189559,0,-3.05,1,8.316451618687513,1.5180878045381094,1.9240960916044898
142,640567,5.0,0.5178863971869614,5.4544757239470645,0.25,5.0,7.309249358433558,10,3.74,0.25,6.0000000006,6.0,12.0,6.0,12.0,0.36016870271692225,-99,3.7284729104857846,8.577861348787726,0.4213118259388293,0.03225806451612903,0.013590704062542881,0.1,0.04213118259388293,10.147227772742447,0,-3.05,1,8.069359597459771,1.5180878045381094,1.9240960916044898
143,640567,5.0,3.1622776601683795,5.4544757239470645,0.25,,0.0,0,3.74,0.25,6.0000000006,6.0,12.0,6.0,12.0,0.36016870271692225,-99,0.09999999999999998,52.37747016070142,0.01129984945723895,0.03225806451612903,0.0003645112728141597,0.1,0.0011299849457238951,7.0385442591600045,0,-3.05,1,7.584822679837251,1.5180878045381094,1.9240960916044898
144,650501,3.0,0.3922953017928748,4.784499799821084,0.25,5.0,25.723871449220237,15,4.0,0.25,9.99999994281963,7.5,10.0,7.5,10.0,0.30987073263017856,-99,6.497911410404178,7.636123883002535,0.5316376907506333,0.03225806451612903,0.01714960292743978,0.1,0.05316376907506333,26.794916728033403,0,-3.05,1,7.355559855691137,1.5180878045381094,1.9240960916044898
145,650501,3.5,0.8564737674487259,4.784499799821084,0.25,5.0,15.465065996088953,11,4.0,0.25,9.99999994281963,7.5,10.0,7.5,10.0,0.30987073263017856,-99,1.3632385811627563,16.671471110896597,0.11153568669328122,0.03225806451612903,0.00359792537720262,0.1,0.011153568669328123,17.187735929715206,0,-3.05,1,7.267416951477314,1.5180878045381094,1.9240960916044898
146,650501,4.0,0.8373018614413181,4.784499799821084,0.25,5.0,10.727221299605883,14,4.0,0.25,9.99999994281963,7.5,10.0,7.5,10.0,0.30987073263017856,-99,1.4263821211677727,16.298285276967995,0.11670188297911195,0.03225806451612903,0.0037645768702939337,0.1,0.011670188297911195,13.089051796709889,0,-3.05,1,7.40656996828729,1.5180878045381094,1.9240960916044898
147,650501,5.0,0.5939231978064257,4.784499799821084,0.25,5.0,4.004226237976565,5,4.0,0.25,9.99999994281963,7.5,10.0,7.5,10.0,0.30987073263017856,-99,2.8349109597826043,11.56086013447449,0.2319430692344171,0.03225806451612903,0.00748203449143281,0.1,0.02319430692344171,8.50198964308568,0,-3.05,1,7.835037743332993,1.5180878045381094,1.9240960916044898
148,650501,5.0,3.1622776601683795,4.784499799821084,0.25,,0.0,0,4.0,0.25,9.99999994281963,7.5,10.0,7.5,10.0,0.30987073263017856,-99,0.09999999999999998,61.554507166253615,0.008181670342556496,0.03225806451612903,0.00026392484975988693,0.1,0.0008181670342556496,7.500000008415748,0,-3.05,1,7.668936854831016,1.5180878045381094,1.9240960916044898
149,650505,3.0,0.5866980376559597,6.499999994597662,0.25,6.0,52.86553796152944,59,4.57,0.25,9.999999999,4.0,10.0,4.0,10.0,0.25524829892487283,-99,2.9051645009712,14.384373006281654,0.1498234595495542,0.03225806451612903,0.004833014824179168,0.14285714285714285,0.021403351364222032,53.11178413031476,0,-3.05,1,8.261832215959059,1.5180878045381094,1.9240960916044898
150,650505,3.5,0.4302007445177236,6.499999994597662,0.25,6.0,42.95577764333025,64,4.57,0.25,9.999999999,4.0,10.0,4.0,10.0,0.25524829892487283,-99,5.403282628460474,10.547449589991235,0.27865495948657193,0.03225806451612903,0.008988869660857159,0.14285714285714285,0.03980785135522456,43.258471337837115,0,-3.05,1,8.490017063415735,1.5180878045381094,1.9240960916044898
151,650505,4.0,0.5464536850620034,6.499999994597662,0.25,6.0,38.818903614377085,111,4.57,0.25,9.999999999,4.0,10.0,4.0,10.0,0.25524829892487283,-99,3.348831391045048,13.397681826231638,0.1727039912152255,0.03225806451612903,0.005571096490813726,0.14285714285714285,0.024671998745032217,39.15359226642611,0,-3.05,1,8.857953422399259,1.5180878045381094,1.9240960916044898
152,650505,4.5,0.6243742451076926,6.499999994597662,0.25,6.0,29.931409896954833,76,4.57,0.25,9.999999999,4.0,10.0,4.0,10.0,0.25524829892487283,-99,2.5651338929312466,15.308099670875635,0.13228759814402846,0.03225806451612903,0.004267341875613821,0.14285714285714285,0.01889822830628978,30.364219205551297,0,-3.05,1,9.021204459980307,1.5180878045381094,1.9240960916044898
153,650505,5.0,0.7946449535489892,6.499999994597662,0.25,6.0,18.04235557322789,73,4.57,0.25,9.999999999,4.0,10.0,4.0,10.0,0.25524829892487283,-99,1.5836300736968034,19.48271288766583,0.08167005214632514,0.03225806451612903,0.0026345178111717785,0.14285714285714285,0.011667150306617878,18.751616041665102,0,-3.05,1,8.882768040519146,1.5180878045381094,1.9240960916044898
154,650505,5.5,0.762589491186439,6.499999994597662,0.25,6.0,9.80669118216279,22,4.57,0.25,9.999999999,4.0,10.0,4.0,10.0,0.25524829892487283,-99,1.719564091952375,18.696792877852996,0.0886803625362234,0.03225806451612903,0.002860656856007206,0.14285714285714285,0.012668623219460487,11.057472653619987,0,-3.05,1,8.683150415650026,1.5180878045381094,1.9240960916044898
155,650505,6.0,0.7527145684887266,6.499999994597662,0.25,6.0,6.477405638844007,22,4.57,0.25,9.999999999,4.0,10.0,4.0,10.0,0.25524829892487283,-99,1.7649782446120423,18.45468439550728,0.09102243489106195,0.03225806451612903,0.0029362075771310306,0.14285714285714285,0.013003204984437421,8.249442002546145,0,-3.05,1,8.795094949452675,1.5180878045381094,1.9240960916044898
156,650505,6.0,3.1622776601683795,6.499999994597662,0.25,,0.0,0,4.57,0.25,9.999999999,4.0,10.0,4.0,10.0,0.25524829892487283,-99,0.09999999999999998,77.53116338181344,0.005157142031009535,0.03225806451612903,0.0001663594203551463,0.14285714285714285,0.000736734575858505,5.108474287225533,0,-3.05,1,8.160288195878348,1.5180878045381094,1.9240960916044898
157,738,3.0,1.06668984485626,5.879658176190099,0.5,5.5,59.25603084408886,48,4.48,0.25,9.999999999,8.0,10.0,8.0,10.0,0.3811440953389836,-99,0.8788680547655201,20.688791715194274,0.07242548949510602,0.03225806451612903,0.0023363061127453554,0.14285714285714285,0.010346498499300862,59.79362166225073,0,-3.05,1,8.41879732044363,1.5180878045381094,1.9240960916044898
158,738,3.5,1.2747953200062598,5.879658176190099,0.5,5.5,33.783197514193475,5,4.48,0.25,9.999999999,8.0,10.0,8.0,10.0,0.3811440953389836,-99,0.6153455710795833,24.72506416208352,0.05070920936587536,0.03225806451612903,0.001635780947286302,0.14285714285714285,0.007244172766553624,34.7174946442824,0,-3.05,1,8.19867255039225,1.5180878045381094,1.9240960916044898
159,738,4.0,1.219957931199588,5.879658176190099,0.5,5.5,43.77575854031462,16,4.48,0.25,9.999999999,8.0,10.0,8.0,10.0,0.3811440953389836,-99,0.6719087401329582,23.661475415366574,0.05537044967819742,0.03225806451612903,0.0017861435380063682,0.14285714285714285,0.00791006423974249,44.50075320567841,0,-3.05,1,9.027520453411384,1.5180878045381094,1.9240960916044898
160,738,4.5,0.5020458146424487,5.879658176190099,0.5,5.5,14.613590443469349,2,4.48,0.25,9.999999999,8.0,10.0,8.0,10.0,0.3811440953389836,-99,3.9674667724657815,9.737339621923837,0.3269497867095258,0.03225806451612903,0.01054676731321051,0.14285714285714285,0.04670711238707512,16.660042789327616,0,-3.05,1,8.226112143142212,1.5180878045381094,1.9240960916044898
161,738,5.5,0.4099186911246343,5.879658176190099,0.5,5.5,10.793454785023133,3,4.48,0.25,9.999999999,8.0,10.0,8.0,10.0,0.3811440953389836,-99,5.95120015869867,7.950504508632893,0.4904246800642885,0.03225806451612903,0.015820150969815757,0.14285714285714285,0.07006066858061266,13.4349792068729,0,-3.05,1,8.941122845785774,1.5180878045381094,1.9240960916044898
162,738,5.5,4.47213595499958,5.879658176190099,0.5,,0.0,0,4.48,0.25,9.999999999,8.0,10.0,8.0,10.0,0.3811440953389836,-99,0.04999999999999999,86.7385114250202,0.004120384687006797,0.03225806451612903,0.0001329156350647354,0.14285714285714285,0.000588626383858114,8.000000005798023,0,-3.05,1,8.254424461285435,1.5180878045381094,1.9240960916044898
163,740150,3.0,0.5706612440568947,6.1358782215179195,0.25,6.0,83.08090352257744,190,4.19,0.25,7.0000000007,7.0,13.0,7.0,13.0,0.23659907841881225,-99,3.0707413866315525,13.62151176002506,0.16707484792062197,0.03225806451612903,0.005389511223245869,0.1,0.0167074847920622,83.47639655028108,0,-3.05,1,8.860769265122265,1.5180878045381094,1.9240960916044898
164,740150,3.5,0.7080587542157143,6.1358782215179195,0.25,6.0,61.18999021325817,89,4.19,0.25,7.0000000007,7.0,13.0,7.0,13.0,0.23659907841881225,-99,1.9946256828678257,16.90114888260479,0.10852486115389516,0.03225806451612903,0.0035008019727062953,0.1,0.010852486115389517,61.725903421420966,0,-3.05,1,8.960925737726368,1.5180878045381094,1.9240960916044898
165,740150,4.0,0.8372845085474891,6.1358782215179195,0.25,6.0,32.114866258181245,91,4.19,0.25,7.0000000007,7.0,13.0,7.0,13.0,0.23659907841881225,-99,1.4264412459067335,19.9857286585408,0.07761072139291993,0.03225806451612903,0.0025035716578361267,0.1,0.007761072139291993,33.124566195994575,0,-3.05,1,8.636458108170388,1.5180878045381094,1.9240960916044898
166,740150,4.5,0.4553771287944969,6.1358782215179195,0.25,6.0,26.616228926331182,24,4.19,0.25,7.0000000007,7.0,13.0,7.0,13.0,0.23659907841881225,-99,4.82233715607864,10.86971470328596,0.2623767831707918,0.03225806451612903,0.0084637671990578,0.1,0.026237678317079183,27.826172808182353,0,-3.05,1,8.90558310756575,1.5180878045381094,1.9240960916044898
167,740150,5.0,0.7110630216104686,6.1358782215179195,0.25,6.0,19.32624203741711,37,4.19,0.25,7.0000000007,7.0,13.0,7.0,13.0,0.23659907841881225,-99,1.977806555194501,16.972859839103226,0.10760975537181537,0.03225806451612903,0.003471282431348883,0.1,0.010760975537181538,20.961294859354144,0,-3.05,1,9.030325226873233,1.5180878045381094,1.9240960916044898
168,740150,5.5,0.740572010931202,6.1358782215179195,0.25,6.0,12.74255155227191,12,4.19,0.25,7.0000000007,7.0,13.0,7.0,13.0,0.23659907841881225,-99,1.8233305609838164,17.677230513027506,0.09920492735455005,0.03225806451612903,0.0032001589469209694,0.1,0.009920492735455005,15.107775182145962,0,-3.05,1,9.096561566158687,1.5180878045381094,1.9240960916044898
169,740150,6.0,0.5621746655328201,6.1358782215179195,0.25,6.0,3.2489267326763716,3,4.19,0.25,7.0000000007,7.0,13.0,7.0,13.0,0.23659907841881225,-99,3.1641528860144263,13.418939690567102,0.17215724011469427,0.03225806451612903,0.0055534593585385246,0.1,0.017215724011469428,8.74229808495783,0,-3.05,1,8.871958111983599,1.5180878045381094,1.9240960916044898
170,740150,6.0,3.1622776601683795,6.1358782215179195,0.25,,0.0,0,4.19,0.25,7.0000000007,7.0,13.0,7.0,13.0,0.23659907841881225,-99,0.09999999999999998,75.48261387127519,0.005440863520711348,0.03225806451612903,0.0001755117264745596,0.1,0.0005440863520711348,8.116172182251814,0,-3.05,1,8.773521318268177,1.5180878045381094,1.9240960916044898
171,740153,3.0,0.4663344626349441,7.233201112692275,0.25,7.0,80.79253660776398,221,4.56,0.25,3.49999999965,1.0,3.5,1.0,3.5,0.16707640608749483,-99,4.598381265003581,15.86471315423381,0.12316781739745311,0.03225806451612903,0.003973155399917842,0.14285714285714285,0.017595402485350447,80.86831253039989,0,-3.05,1,8.818724061540987,1.5180878045381094,1.9240960916044898
172,740153,3.5,0.4593666826994864,7.233201112692275,0.25,7.0,67.89273416510218,78,4.56,0.25,3.49999999965,1.0,3.5,1.0,3.5,0.16707640608749483,-99,4.738937856710139,15.627669060659285,0.12693263106200867,0.03225806451612903,0.004094601002000279,0.14285714285714285,0.018133233008858385,67.98289014458553,0,-3.05,1,9.088818852358237,1.5180878045381094,1.9240960916044898
173,740153,4.0,0.44305044942478555,7.233201112692275,0.25,7.0,39.54963058127123,126,4.56,0.25,3.49999999965,1.0,3.5,1.0,3.5,0.16707640608749483,-99,5.094406984294661,15.072590289088144,0.13645388518897117,0.03225806451612903,0.004401738231902296,0.14285714285714285,0.019493412169853026,39.70419724805647,0,-3.05,1,8.8764510802174,1.5180878045381094,1.9240960916044898
174,740153,4.5,0.38698330208899157,7.233201112692275,0.25,7.0,26.490427326371915,31,4.56,0.25,3.49999999965,1.0,3.5,1.0,3.5,0.16707640608749483,-99,6.677525387089888,13.165184165095875,0.17885777193016297,0.03225806451612903,0.005769605546134289,0.14285714285714285,0.02555111027573757,26.720642580808978,0,-3.05,1,8.851883038559121,1.5180878045381094,1.9240960916044898
175,740153,5.0,0.6928444294814045,7.233201112692275,0.25,7.0,18.28865382234031,43,4.56,0.25,3.49999999965,1.0,3.5,1.0,3.5,0.16707640608749483,-99,2.083188363111939,23.570589383688414,0.055798279682681064,0.03225806451612903,0.0017999445058929375,0.14285714285714285,0.007971182811811582,18.620549364370348,0,-3.05,1,8.87347709412833,1.5180878045381094,1.9240960916044898
176,740153,5.5,0.7425141517306686,7.233201112692275,0.25,7.0,12.339375413743902,24,4.56,0.25,3.49999999965,1.0,3.5,1.0,3.5,0.16707640608749483,-99,1.8138047264110029,25.26035490408895,0.04858282870919226,0.03225806451612903,0.0015671880228771697,0.14285714285714285,0.006940404101313181,12.826152408218821,0,-3.05,1,8.879694008305062,1.5180878045381094,1.9240960916044898
177,740153,6.0,0.9403802636180291,7.233201112692275,0.25,7.0,7.153068834971498,15,4.56,0.25,3.49999999965,1.0,3.5,1.0,3.5,0.16707640608749483,-99,1.130818717921183,31.99176628273683,0.030289022447648185,0.03225806451612903,0.0009770652402467156,0.14285714285714285,0.004327003206806884,7.963441075024697,0,-3.05,1,8.748357351166781,1.5180878045381094,1.9240960916044898
178,740153,6.5,0.355,7.233201112692275,0.25,7.0,5.1544554451726095,4,4.56,0.25,3.49999999965,1.0,3.5,1.0,3.5,0.16707640608749483,-99,7.934933544931561,12.077111217409257,0.21253749734957977,0.03225806451612903,0.006856048301599347,0.14285714285714285,0.03036249962136854,6.2304422743349095,0,-3.05,1,8.92328257360758,1.5180878045381094,1.9240960916044898
179,740153,7.0,0.5623412096685837,7.233201112692275,0.25,7.0,1.9677057808479916,3,4.56,0.25,3.49999999965,1.0,3.5,1.0,3.5,0.16707640608749483,-99,3.1622789594220326,19.13086572197167,0.08470176242195473,0.03225806451612903,0.0027323149168372494,0.14285714285714285,0.012100251774564964,4.015204358128314,0,-3.05,1,8.84130834488375,1.5180878045381094,1.9240960916044898
180,740153,7.0,3.1622776601683795,7.233201112692275,0.25,,0.0,0,4.56,0.25,3.49999999965,1.0,3.5,1.0,3.5,0.16707640608749483,-99,0.09999999999999998,107.5807859216401,0.0026785038103480786,0.03225806451612903,8.640334872090575e-05,0.14285714285714285,0.00038264340147829695,3.49999999965,0,-3.05,1,8.65940753513588,1.5180878045381094,1.9240960916044898
181,740155,3.0,0.8213518891946195,4.7375570781682566,0.25,4.5,19.59466575943314,6,3.36,0.25,3.2904576717531158,2.0,8.0,2.0,8.0,0.24761044489993508,-99,1.482318330589773,19.151428618844726,0.08451997143382714,0.03225806451612903,0.0027264506914137787,0.1,0.008451997143382715,20.02174798317751,0,-3.05,1,6.9695810711511905,1.5180878045381094,1.9240960916044898
182,740155,3.5,0.4085364355235534,4.7375570781682566,0.25,4.5,8.892367543100343,5,3.36,0.25,3.2904576717531158,2.0,8.0,2.0,8.0,0.24761044489993508,-99,5.991539258129217,9.525827463303834,0.3416302129517963,0.03225806451612903,0.011020329450057945,0.1,0.03416302129517963,9.797635765813887,0,-3.05,1,6.522919935138571,1.5180878045381094,1.9240960916044898
183,740155,4.0,0.49918786298208473,4.7375570781682566,0.25,4.5,5.255655394576187,5,3.36,0.25,3.2904576717531158,2.0,8.0,2.0,8.0,0.24761044489993508,-99,4.0130259201841225,11.639543113085548,0.2288178113551489,0.03225806451612903,0.007381219721133835,0.1,0.02288178113551489,6.67393285136349,0,-3.05,1,6.514364589920856,1.5180878045381094,1.9240960916044898
184,740155,4.5,0.4099186911246343,4.7375570781682566,0.25,4.5,3.1858614788460815,3,3.36,0.25,3.2904576717531158,2.0,8.0,2.0,8.0,0.24761044489993508,-99,5.95120015869867,9.5580574609764,0.3393301270247879,0.03225806451612903,0.010946133129831866,0.1,0.03393301270247879,5.2028049589011465,0,-3.05,1,6.684524513798401,1.5180878045381094,1.9240960916044898
185,740155,4.5,3.1622776601683795,4.7375570781682566,0.25,,0.0,0,3.36,0.25,3.2904576717531158,2.0,8.0,2.0,8.0,0.24761044489993508,-99,0.09999999999999998,73.7346996803849,0.005701877234439851,0.03225806451612903,0.00018393152369160812,0.1,0.0005701877234439852,4.11332785928511,0,-3.05,1,6.373289647397341,1.5180878045381094,1.9240960916044898
186,880077,3.0,0.5774557901834861,6.400353156974879,0.25,6.5,141.11752849260998,1016,4.77,0.25,10.81319338180866,9.5,12.5,9.5,12.5,0.21917681009728396,-99,2.99890369422733,14.850299267335744,0.1405695589858248,0.03225806451612903,0.004534501902768542,0.14285714285714285,0.020081365569403545,141.54454543708607,0,-3.05,1,9.560224071035229,1.5180878045381094,1.9240960916044898
187,880077,3.5,0.4977321018571378,6.400353156974879,0.25,6.5,98.04440565766704,616,4.77,0.25,10.81319338180866,9.5,12.5,9.5,12.5,0.21917681009728396,-99,4.0365347532442994,12.800063300412832,0.18920711298156603,0.03225806451612903,0.006103455257469872,0.14285714285714285,0.02702958756879515,98.65803046835015,0,-3.05,1,9.582103945958199,1.5180878045381094,1.9240960916044898
188,880077,4.0,0.518448060744834,6.400353156974879,0.25,6.5,72.88617107027933,1059,4.77,0.25,10.81319338180866,9.5,12.5,9.5,12.5,0.21917681009728396,-99,3.720398763176609,13.332810905202386,0.1743886655639633,0.03225806451612903,0.005625440824643977,0.14285714285714285,0.024912666509137614,73.70953417580901,0,-3.05,1,9.695947183085813,1.5180878045381094,1.9240960916044898
189,880077,4.5,0.5276557477981072,6.400353156974879,0.25,6.5,43.71575798857755,217,4.77,0.25,10.81319338180866,9.5,12.5,9.5,12.5,0.21917681009728396,-99,3.59168841112341,13.569602899716168,0.16835554170611627,0.03225806451612903,0.005430823926003751,0.14285714285714285,0.024050791672302327,45.07514827091105,0,-3.05,1,9.544508350114535,1.5180878045381094,1.9240960916044898
190,880077,5.0,0.6567759904975385,6.400353156974879,0.25,6.5,28.272716757449498,211,4.77,0.25,10.81319338180866,9.5,12.5,9.5,12.5,0.21917681009728396,-99,2.318277733087838,16.890158824782404,0.10866613661989505,0.03225806451612903,0.003505359245803066,0.14285714285714285,0.01552373380284215,30.33229315392588,0,-3.05,1,9.519810996276767,1.5180878045381094,1.9240960916044898
191,880077,5.5,0.6575716046828495,6.400353156974879,0.25,6.5,16.043239767843293,50,4.77,0.25,10.81319338180866,9.5,12.5,9.5,12.5,0.21917681009728396,-99,2.312671229375388,16.91061945389732,0.10840333933306368,0.03225806451612903,0.003496881913969796,0.14285714285714285,0.015486191333294812,19.444460326201956,0,-3.05,1,9.430827476602943,1.5180878045381094,1.9240960916044898
192,880077,6.0,0.8015169832304012,6.400353156974879,0.25,6.5,9.901765692270185,28,4.77,0.25,10.81319338180866,9.5,12.5,9.5,12.5,0.21917681009728396,-99,1.5565910965144105,20.612430026966198,0.07296310461035611,0.03225806451612903,0.002353648535817939,0.14285714285714285,0.010423300658622302,14.790079748038961,0,-3.05,1,9.568410072936747,1.5180878045381094,1.9240960916044898
193,880077,6.5,1.1961837588931599,6.400353156974879,0.25,6.5,4.50286464013504,6,4.77,0.25,10.81319338180866,9.5,12.5,9.5,12.5,0.21917681009728396,-99,0.6988825500319139,30.761985766296686,0.032759175304623044,0.03225806451612903,0.001056747590471711,0.14285714285714285,0.004679882186374721,11.873385578516006,0,-3.05,1,9.777452442742877,1.5180878045381094,1.9240960916044898
194,880077,6.5,3.1622776601683795,6.400353156974879,0.25,,0.0,0,4.77,0.25,10.81319338180866,9.5,12.5,9.5,12.5,0.21917681009728396,-99,0.09999999999999998,81.32357561951008,0.004687364894591675,0.03225806451612903,0.00015120531918037661,0.14285714285714285,0.0006696235563702394,10.986423218169477,0,-3.05,1,9.674611790844265,1.5180878045381094,1.9240960916044898
