,EVID,I,StdI,Io,Io_std,Io_ini,Depi,Ndata,Mag,StdM,Depth,Hmin,Hmax,Hmin_ini,Hmax_ini,StdIo_inv,RegID,Poids_int,eqStd,Poids_int_norm,Poids_evt,Poids,Poids_evt_norm,poids_grp,Hypo,C1,C2,beta,gamma
0,408,3.0,0.879429088164879,5.666841326435971,0.5,5.0,24.396899094336106,89,3.92,0.25,7.796202617154551,6.0,12.0,6.0,12.0,0.3214036846959513,-99,1.2929994714271302,19.43821964963389,0.10586368829093935,16.0,0.0026465922072734837,0.1,0.010586368829093935,,1.8046361692971822,1.4599883043401851,-2.7580151801355517,0
1,408,3.5,0.5503758437495415,5.666841326435971,0.5,5.0,29.181741166958062,5,3.92,0.25,7.796202617154551,6.0,12.0,6.0,12.0,0.3214036846959513,-99,3.3012717193119463,12.165081510984095,0.2702899792149136,16.0,0.006757249480372839,0.1,0.027028997921491354,,1.8046361692971822,1.4599883043401851,-2.7580151801355517,0
2,408,4.0,0.7532988502803583,5.666841326435971,0.5,5.0,22.33837535188309,23,3.92,0.25,7.796202617154551,6.0,12.0,6.0,12.0,0.3214036846959513,-99,1.7622413634445986,16.650334530236723,0.14428263469217728,16.0,0.0036070658673044314,0.1,0.014428263469217726,,1.8046361692971822,1.4599883043401851,-2.7580151801355517,0
3,408,4.5,0.5609489897986455,5.666841326435971,0.5,5.0,15.247953555573028,4,3.92,0.25,7.796202617154551,6.0,12.0,6.0,12.0,0.3214036846959513,-99,3.177995365280992,12.398782144788477,0.260196789074339,16.0,0.006504919726858474,0.1,0.026019678907433896,,1.8046361692971822,1.4599883043401851,-2.7580151801355517,0
4,408,5.0,0.6167076986237264,5.666841326435971,0.5,5.0,15.400690254143584,6,3.92,0.25,7.796202617154551,6.0,12.0,6.0,12.0,0.3214036846959513,-99,2.6293067728182122,13.631229472387787,0.21527318360900802,16.0,0.0053818295902252,0.1,0.0215273183609008,,1.8046361692971822,1.4599883043401851,-2.7580151801355517,0
5,408,5.0,4.47213595499958,5.666841326435971,0.5,,0.0,0,3.92,0.25,7.796202617154551,6.0,12.0,6.0,12.0,0.3214036846959513,-99,0.04999999999999999,98.84863051062624,0.004093725118622583,16.0,0.00010234312796556457,0.1,0.0004093725118622583,9.0,1.8046361692971822,1.4599883043401851,-2.7580151801355517,0
6,503,3.0,1.0064692821594639,5.0599513273238435,0.5,5.0,15.179397059942236,34,3.62,0.25,7.000003190137346,7.0,13.0,7.0,13.0,0.4247196369930545,-99,0.9871859162068185,16.209009995883406,0.15224639264218295,16.0,0.003806159816054574,0.1,0.015224639264218296,,1.8046361692971822,1.4599883043401851,-2.7580151801355517,0
7,503,3.5,0.71,5.0599513273238435,0.5,5.0,22.997142242725225,1,3.62,0.25,7.000003190137346,7.0,13.0,7.0,13.0,0.4247196369930545,-99,1.9837333862328903,11.43442457815006,0.30593654858680785,16.0,0.007648413714670197,0.1,0.030593654858680788,,1.8046361692971822,1.4599883043401851,-2.7580151801355517,0
8,503,4.0,1.0088665025896486,5.0599513273238435,0.5,5.0,12.28144308508501,24,3.62,0.25,7.000003190137346,7.0,13.0,7.0,13.0,0.4247196369930545,-99,0.9825000818455594,16.24761680744136,0.1515237310175503,16.0,0.0037880932754387575,0.1,0.01515237310175503,,1.8046361692971822,1.4599883043401851,-2.7580151801355517,0
9,503,4.5,1.4185030656111268,5.0599513273238435,0.5,5.0,6.912337152803264,2,3.62,0.25,7.000003190137346,7.0,13.0,7.0,13.0,0.4247196369930545,-99,0.4969806074525904,22.844741292401512,0.0766456484595207,16.0,0.0019161412114880175,0.1,0.00766456484595207,,1.8046361692971822,1.4599883043401851,-2.7580151801355517,0
10,503,5.0,0.71,5.0599513273238435,0.5,5.0,2.264818560854333,1,3.62,0.25,7.000003190137346,7.0,13.0,7.0,13.0,0.4247196369930545,-99,1.9837333862328903,11.43442457815006,0.30593654858680785,16.0,0.007648413714670197,0.1,0.030593654858680788,,1.8046361692971822,1.4599883043401851,-2.7580151801355517,0
11,503,5.0,4.47213595499958,5.0599513273238435,0.5,,0.0,0,3.62,0.25,7.000003190137346,7.0,13.0,7.0,13.0,0.4247196369930545,-99,0.04999999999999999,72.02295955024759,0.0077111307071304905,16.0,0.00019277826767826226,0.1,0.000771113070713049,10.0,1.8046361692971822,1.4599883043401851,-2.7580151801355517,0
12,572,3.0,0.553795878347148,4.664711432492982,0.5,4.5,25.277662193582515,48,3.72,0.25,15.932351804290429,10.0,16.0,10.0,16.0,0.4620870226110852,-99,3.2606228047466366,13.90764606102029,0.20680104640997976,16.0,0.0051700261602494945,0.1,0.020680104640997978,,1.8046361692971822,1.4599883043401851,-2.7580151801355517,0
13,572,3.5,0.6809462268336584,4.664711432492982,0.5,4.5,14.42368560834934,8,3.72,0.25,15.932351804290429,10.0,16.0,10.0,16.0,0.4620870226110852,-99,2.1566236549369564,17.10081183279093,0.13678123943199652,16.0,0.003419530985799913,0.1,0.013678123943199652,,1.8046361692971822,1.4599883043401851,-2.7580151801355517,0
14,572,4.0,0.6502870154377233,4.664711432492982,0.5,4.5,18.961291288140472,26,3.72,0.25,15.932351804290429,10.0,16.0,10.0,16.0,0.4620870226110852,-99,2.3647750536416776,16.330857636170172,0.14998298941705254,16.0,0.003749574735426314,0.1,0.014998298941705256,,1.8046361692971822,1.4599883043401851,-2.7580151801355517,0
15,572,4.5,0.355,4.664711432492982,0.5,4.5,22.688264226610148,4,3.72,0.25,15.932351804290429,10.0,16.0,10.0,16.0,0.4620870226110852,-99,7.934933544931561,8.915224082919773,0.5032635353886037,16.0,0.012581588384715093,0.1,0.05032635353886037,,1.8046361692971822,1.4599883043401851,-2.7580151801355517,0
16,572,4.5,4.47213595499958,4.664711432492982,0.5,,0.0,0,3.72,0.25,15.932351804290429,10.0,16.0,10.0,16.0,0.4620870226110852,-99,0.04999999999999999,112.31012441719342,0.0031711893523674382,16.0,7.927973380918597e-05,0.1,0.00031711893523674387,13.0,1.8046361692971822,1.4599883043401851,-2.7580151801355517,0
17,738,3.0,1.06668984485626,6.05669297322721,0.5,5.5,59.25603084408886,48,4.48,0.25,8.008131406345122,8.0,10.0,8.0,10.0,0.3625924678457847,-99,0.8788680547655201,19.66225372978794,0.07242548949510602,16.0,0.0025866246248252155,0.14285714285714285,0.010346498499300862,,1.8046361692971822,1.4599883043401851,-2.7580151801355517,0
18,738,3.5,1.2747953200062598,6.05669297322721,0.5,5.5,33.783197514193475,5,4.48,0.25,8.008131406345122,8.0,10.0,8.0,10.0,0.3625924678457847,-99,0.6153455710795833,23.498254114237803,0.05070920936587536,16.0,0.001811043191638406,0.14285714285714285,0.007244172766553624,,1.8046361692971822,1.4599883043401851,-2.7580151801355517,0
19,738,4.0,1.219957931199588,6.05669297322721,0.5,5.5,43.77575854031462,16,4.48,0.25,8.008131406345122,8.0,10.0,8.0,10.0,0.3625924678457847,-99,0.6719087401329582,22.48743859199843,0.05537044967819742,16.0,0.0019775160599356223,0.14285714285714285,0.00791006423974249,,1.8046361692971822,1.4599883043401851,-2.7580151801355517,0
20,738,4.5,0.5020458146424487,6.05669297322721,0.5,5.5,14.613590443469349,2,4.48,0.25,8.008131406345122,8.0,10.0,8.0,10.0,0.3625924678457847,-99,3.9674667724657815,9.254191590066284,0.3269497867095258,16.0,0.01167677809676878,0.14285714285714285,0.04670711238707512,,1.8046361692971822,1.4599883043401851,-2.7580151801355517,0
21,738,5.5,0.4099186911246343,6.05669297322721,0.5,5.5,10.793454785023133,3,4.48,0.25,8.008131406345122,8.0,10.0,8.0,10.0,0.3625924678457847,-99,5.95120015869867,7.556015792539239,0.4904246800642885,16.0,0.017515167145153165,0.14285714285714285,0.07006066858061266,,1.8046361692971822,1.4599883043401851,-2.7580151801355517,0
22,738,5.5,4.47213595499958,6.05669297322721,0.5,,0.0,0,4.48,0.25,8.008131406345122,8.0,10.0,8.0,10.0,0.3625924678457847,-99,0.04999999999999999,82.43471360052031,0.004120384687006797,16.0,0.0001471565959645285,0.14285714285714285,0.000588626383858114,8.8,1.8046361692971822,1.4599883043401851,-2.7580151801355517,0
23,1779,4.0,0.8789358520041862,5.257445508110281,0.5,4.5,22.531344149970092,23,4.38,0.25,10.972627086325394,5.0,11.0,5.0,11.0,0.43406787843306516,-99,1.294451074611129,10.719187565898398,0.2436880825111878,16.0,0.008703145803970993,0.14285714285714285,0.03481258321588397,,1.8046361692971822,1.4599883043401851,-2.7580151801355517,0
24,1779,4.5,0.5020458146424487,5.257445508110281,0.5,4.5,14.495696777880678,2,4.38,0.25,10.972627086325394,5.0,11.0,5.0,11.0,0.43406787843306516,-99,3.9674667724657815,6.122771350782306,0.7468991213124718,16.0,0.026674968618302566,0.14285714285714285,0.10669987447321026,,1.8046361692971822,1.4599883043401851,-2.7580151801355517,0
25,1779,4.5,4.47213595499958,5.257445508110281,0.5,,0.0,0,4.38,0.25,10.972627086325394,5.0,11.0,5.0,11.0,0.43406787843306516,-99,0.04999999999999999,54.54057200252918,0.009412796176340422,16.0,0.00033617129201215796,0.14285714285714285,0.0013446851680486318,8.4,1.8046361692971822,1.4599883043401851,-2.7580151801355517,0
26,3527,2.0,0.472980665876636,6.570968021602963,0.5,6.0,121.03699716893074,55,4.93,0.25,8.063586306298584,8.0,10.0,8.0,10.0,0.27779013708848743,-99,4.470058669474515,7.874340944322276,0.25804268527073604,16.0,0.016127667829421002,0.25,0.06451067131768401,,1.8046361692971822,1.4599883043401851,-2.7580151801355517,0
27,3527,3.0,0.5761627790536489,6.570968021602963,0.5,6.0,93.18209697591087,73,4.93,0.25,8.063586306298584,8.0,10.0,8.0,10.0,0.27779013708848743,-99,3.0123789377619836,9.592151411279847,0.1738953350794586,16.0,0.010868458442466162,0.25,0.04347383376986465,,1.8046361692971822,1.4599883043401851,-2.7580151801355517,0
28,3527,3.5,1.1002924113986112,6.570968021602963,0.5,6.0,54.397582267550185,10,4.93,0.25,8.063586306298584,8.0,10.0,8.0,10.0,0.27779013708848743,-99,0.8260070701082205,18.31803752431386,0.047682837784407635,16.0,0.002980177361525477,0.25,0.011920709446101909,,1.8046361692971822,1.4599883043401851,-2.7580151801355517,0
29,3527,4.0,0.9535471534487262,6.570968021602963,0.5,6.0,46.446782823679065,34,4.93,0.25,8.063586306298584,8.0,10.0,8.0,10.0,0.27779013708848743,-99,1.0998049042495721,15.874973195419495,0.06348834137334633,16.0,0.003968021335834146,0.25,0.015872085343336582,,1.8046361692971822,1.4599883043401851,-2.7580151801355517,0
30,3527,4.5,0.7477150091634073,6.570968021602963,0.5,6.0,34.68815077826846,3,4.93,0.25,8.063586306298584,8.0,10.0,8.0,10.0,0.27779013708848743,-99,1.7886600333464624,12.448210542448228,0.10325382107242537,16.0,0.006453363817026585,0.25,0.02581345526810634,,1.8046361692971822,1.4599883043401851,-2.7580151801355517,0
31,3527,5.0,0.811576686678871,6.570968021602963,0.5,6.0,28.43643070062698,6,4.93,0.25,8.063586306298584,8.0,10.0,8.0,10.0,0.27779013708848743,-99,1.518241554552002,13.51140119338338,0.08764339723359169,16.0,0.00547771232709948,0.25,0.02191084930839792,,1.8046361692971822,1.4599883043401851,-2.7580151801355517,0
32,3527,5.5,1.2061304759624656,6.570968021602963,0.5,6.0,6.801060058203573,2,4.93,0.25,8.063586306298584,8.0,10.0,8.0,10.0,0.27779013708848743,-99,0.687402991305443,20.080065161782564,0.039681652267988025,16.0,0.0024801032667492516,0.25,0.009920413066997006,,1.8046361692971822,1.4599883043401851,-2.7580151801355517,0
33,3527,6.0,0.5083030475042365,6.570968021602963,0.5,6.0,10.066834709876996,3,4.93,0.25,8.063586306298584,8.0,10.0,8.0,10.0,0.27779013708848743,-99,3.870388610412581,8.46239981430944,0.22342558429765347,16.0,0.013964099018603342,0.25,0.05585639607441337,,1.8046361692971822,1.4599883043401851,-2.7580151801355517,0
34,3527,6.0,4.47213595499958,6.570968021602963,0.5,,0.0,0,4.93,0.25,8.063586306298584,8.0,10.0,8.0,10.0,0.27779013708848743,-99,0.04999999999999999,74.45362104550355,0.002886345620392837,16.0,0.00018039660127455232,0.25,0.0007215864050982093,9.9,1.8046361692971822,1.4599883043401851,-2.7580151801355517,0
35,3534,3.0,0.614214305761551,5.556456087349288,0.5,5.0,27.6224949636535,13,4.2,0.25,6.983453855868855,1.0,7.0,1.0,7.0,0.4829418148977927,-99,2.650697357347341,11.177978876881735,0.32013519495726134,16.0,0.008003379873931533,0.1,0.03201351949572613,,1.8046361692971822,1.4599883043401851,-2.7580151801355517,0
36,3534,4.0,0.9325988554089042,5.556456087349288,0.5,5.0,14.611405772550134,18,4.2,0.25,6.983453855868855,1.0,7.0,1.0,7.0,0.4829418148977927,-99,1.149768070076671,16.972203689459196,0.13886203351331772,16.0,0.0034715508378329422,0.1,0.013886203351331769,,1.8046361692971822,1.4599883043401851,-2.7580151801355517,0
37,3534,4.5,1.4712264650571143,5.556456087349288,0.5,5.0,8.049130691130243,6,4.2,0.25,6.983453855868855,1.0,7.0,1.0,7.0,0.4829418148977927,-99,0.4619989014101249,26.77459348513153,0.05579743306530567,16.0,0.0013949358266326416,0.1,0.005579743306530566,,1.8046361692971822,1.4599883043401851,-2.7580151801355517,0
38,3534,5.0,0.5020458146424487,5.556456087349288,0.5,5.0,12.362412632257485,2,4.2,0.25,6.983453855868855,1.0,7.0,1.0,7.0,0.4829418148977927,-99,3.9674667724657815,9.136644097441126,0.4791666408725193,16.0,0.01197916602181298,0.1,0.04791666408725192,,1.8046361692971822,1.4599883043401851,-2.7580151801355517,0
39,3534,5.0,4.47213595499958,5.556456087349288,0.5,,0.0,0,4.2,0.25,6.983453855868855,1.0,7.0,1.0,7.0,0.4829418148977927,-99,0.04999999999999999,81.3876211781616,0.0060386975915959215,16.0,0.00015096743978989803,0.1,0.0006038697591595921,4.1,1.8046361692971822,1.4599883043401851,-2.7580151801355517,0
40,3599,3.0,0.7546270892120515,4.932837094881656,0.5,4.0,40.68402996711146,5,3.97,0.25,10.999815121432,5.0,11.0,5.0,11.0,0.3871160699074099,-99,1.7560432884605568,13.960926640799718,0.2052255844893504,16.0,0.0051306396122337596,0.1,0.020522558448935038,,1.8046361692971822,1.4599883043401851,-2.7580151801355517,0
41,3599,3.5,0.71,4.932837094881656,0.5,4.0,35.75662932349982,1,3.97,0.25,10.999815121432,5.0,11.0,5.0,11.0,0.3871160699074099,-99,1.9837333862328903,13.13530624154739,0.23183531199710944,16.0,0.005795882799927736,0.1,0.023183531199710943,,1.8046361692971822,1.4599883043401851,-2.7580151801355517,0
42,3599,4.0,0.4580187327707409,4.932837094881656,0.5,4.0,14.026019158999533,6,3.97,0.25,10.999815121432,5.0,11.0,5.0,11.0,0.3871160699074099,-99,4.766872306621459,8.473544111703013,0.5570956944746528,16.0,0.013927392361866317,0.1,0.05570956944746527,,1.8046361692971822,1.4599883043401851,-2.7580151801355517,0
43,3599,4.0,4.47213595499958,4.932837094881656,0.5,,0.0,0,3.97,0.25,10.999815121432,5.0,11.0,5.0,11.0,0.3871160699074099,-99,0.04999999999999999,82.7364441165556,0.005843409038887143,16.0,0.00014608522597217853,0.1,0.0005843409038887141,10.0,1.8046361692971822,1.4599883043401851,-2.7580151801355517,0
44,3612,3.0,0.7882550375454842,5.801571525838568,0.5,6.0,83.93968565864044,314,3.97,0.25,11.705848202072078,5.0,15.0,5.0,15.0,0.2916903181475042,-99,1.6094092393207646,18.414698164294997,0.1179589184448588,16.0,0.002948972961121469,0.1,0.011795891844485876,,1.8046361692971822,1.4599883043401851,-2.7580151801355517,0
45,3612,3.5,0.8923764302948007,5.801571525838568,0.5,6.0,62.04675513297424,55,3.97,0.25,11.705848202072078,5.0,15.0,5.0,15.0,0.2916903181475042,-99,1.2557518247093031,20.847113979733457,0.09203819852580374,16.0,0.002300954963145093,0.1,0.009203819852580373,,1.8046361692971822,1.4599883043401851,-2.7580151801355517,0
46,3612,4.0,1.012188338547122,5.801571525838568,0.5,6.0,36.57567590947517,92,3.97,0.25,11.705848202072078,5.0,15.0,5.0,15.0,0.2916903181475042,-99,0.9760618558643296,23.646081346722717,0.07153879699462248,16.0,0.0017884699248655617,0.1,0.007153879699462247,,1.8046361692971822,1.4599883043401851,-2.7580151801355517,0
47,3612,4.5,0.6941932537368488,5.801571525838568,0.5,6.0,19.118996253803825,23,3.97,0.25,11.705848202072078,5.0,15.0,5.0,15.0,0.2916903181475042,-99,2.075100917174081,16.21728834751188,0.1520909995254499,16.0,0.003802274988136247,0.1,0.015209099952544988,,1.8046361692971822,1.4599883043401851,-2.7580151801355517,0
48,3612,5.0,0.6514327308285117,5.801571525838568,0.5,6.0,16.41783276325796,20,3.97,0.25,11.705848202072078,5.0,15.0,5.0,15.0,0.2916903181475042,-99,2.3564642135899363,15.218345004052418,0.17271304476069518,16.0,0.004317826119017379,0.1,0.017271304476069515,,1.8046361692971822,1.4599883043401851,-2.7580151801355517,0
49,3612,5.5,0.5473977741403535,5.801571525838568,0.5,6.0,4.9663672052590675,2,3.97,0.25,11.705848202072078,5.0,15.0,5.0,15.0,0.2916903181475042,-99,3.337289989483384,12.787948451290278,0.24460100518775188,16.0,0.006115025129693795,0.1,0.02446010051877518,,1.8046361692971822,1.4599883043401851,-2.7580151801355517,0
50,3612,6.0,0.71,5.801571525838568,0.5,6.0,6.15849337074823,1,3.97,0.25,11.705848202072078,5.0,15.0,5.0,15.0,0.2916903181475042,-99,1.9837333862328903,16.586555205991967,0.1453943714289512,16.0,0.0036348592857237795,0.1,0.014539437142895118,,1.8046361692971822,1.4599883043401851,-2.7580151801355517,0
51,3612,6.0,4.47213595499958,5.801571525838568,0.5,,0.0,0,3.97,0.25,11.705848202072078,5.0,15.0,5.0,15.0,0.2916903181475042,-99,0.04999999999999999,104.47511254408754,0.0036646651318667147,16.0,9.161662829666785e-05,0.1,0.0003664665131866714,10.0,1.8046361692971822,1.4599883043401851,-2.7580151801355517,0
52,3649,3.0,0.45383291626196415,4.632108554882337,0.5,4.0,16.751118451441016,6,3.75,0.25,7.999460397142441,2.0,8.0,2.0,8.0,0.4634818475751654,-99,4.855209970298163,8.965282818945001,0.4976591604596982,16.0,0.012441479011492456,0.1,0.049765916045969825,,1.8046361692971822,1.4599883043401851,-2.7580151801355517,0
53,3649,3.5,1.0639393036156424,4.632108554882337,0.5,4.0,14.15223573657364,3,3.75,0.25,7.999460397142441,2.0,8.0,2.0,8.0,0.4634818475751654,-99,0.8834181029800843,21.01768385966907,0.0905503807566471,16.0,0.0022637595189161776,0.1,0.00905503807566471,,1.8046361692971822,1.4599883043401851,-2.7580151801355517,0
54,3649,4.0,0.5020458146424487,4.632108554882337,0.5,4.0,15.06058772193721,2,3.75,0.25,7.999460397142441,2.0,8.0,2.0,8.0,0.4634818475751654,-99,3.9674667724657815,9.917708819822817,0.406665457357309,16.0,0.010166636433932726,0.1,0.040666545735730905,,1.8046361692971822,1.4599883043401851,-2.7580151801355517,0
55,3649,4.0,4.47213595499958,4.632108554882337,0.5,,0.0,0,3.75,0.25,7.999460397142441,2.0,8.0,2.0,8.0,0.4634818475751654,-99,0.04999999999999999,88.34520856614255,0.005125001426345485,16.0,0.00012812503565863713,0.1,0.0005125001426345485,5.0,1.8046361692971822,1.4599883043401851,-2.7580151801355517,0
56,3680,3.0,0.6081528990256952,4.894685895696833,0.5,4.5,15.17804808028929,9,3.56,0.25,5.383567039406139,3.0,5.5,3.0,5.5,0.2769465872764912,-99,2.70379921317626,14.724937545479284,0.1844816050392868,16.0,0.0046120401259821696,0.1,0.018448160503928678,,1.8046361692971822,1.4599883043401851,-2.7580151801355517,0
57,3680,3.5,0.4099186911246343,4.894685895696833,0.5,4.5,13.906369276461138,3,3.56,0.25,5.383567039406139,3.0,5.5,3.0,5.5,0.2769465872764912,-99,5.95120015869867,9.925180222284565,0.40605343467685157,16.0,0.01015133586692129,0.1,0.04060534346768516,,1.8046361692971822,1.4599883043401851,-2.7580151801355517,0
58,3680,4.0,0.71,4.894685895696833,0.5,4.5,7.380271538477438,1,3.56,0.25,5.383567039406139,3.0,5.5,3.0,5.5,0.2769465872764912,-99,1.9837333862328903,17.19091641927463,0.13535114489228386,16.0,0.003383778622307097,0.1,0.013535114489228388,,1.8046361692971822,1.4599883043401851,-2.7580151801355517,0
59,3680,4.5,0.5020458146424487,4.894685895696833,0.5,4.5,4.289641380945798,2,3.56,0.25,5.383567039406139,3.0,5.5,3.0,5.5,0.2769465872764912,-99,3.9674667724657815,12.155813574880252,0.2707022897845678,16.0,0.006767557244614195,0.1,0.02707022897845678,,1.8046361692971822,1.4599883043401851,-2.7580151801355517,0
60,3680,4.5,4.47213595499958,4.894685895696833,0.5,,0.0,0,3.56,0.25,5.383567039406139,3.0,5.5,3.0,5.5,0.2769465872764912,-99,0.04999999999999999,108.2818527014517,0.0034115256070100138,16.0,8.528814017525035e-05,0.1,0.0003411525607010014,4.5,1.8046361692971822,1.4599883043401851,-2.7580151801355517,0
61,3681,3.0,0.37347846260228446,4.8883481355469804,0.5,4.5,17.3119349037815,8,3.67,0.25,5.237263835341318,1.0,7.0,1.0,7.0,0.27228570053023726,-99,7.1691699410364516,8.743351494092336,0.5232438294313906,16.0,0.013081095735784766,0.1,0.05232438294313906,,1.8046361692971822,1.4599883043401851,-2.7580151801355517,0
62,3681,3.5,0.71,4.8883481355469804,0.5,4.5,10.493762356337193,1,3.67,0.25,5.237263835341318,1.0,7.0,1.0,7.0,0.27228570053023726,-99,1.9837333862328903,16.62151953167965,0.14478332388830728,16.0,0.003619583097207682,0.1,0.014478332388830728,,1.8046361692971822,1.4599883043401851,-2.7580151801355517,0
63,3681,4.0,0.5808730815455845,4.8883481355469804,0.5,4.5,8.307032473855836,5,3.67,0.25,5.237263835341318,1.0,7.0,1.0,7.0,0.27228570053023726,-99,2.9637222302740214,13.598582070897011,0.21630807776825106,16.0,0.0054077019442062765,0.1,0.021630807776825106,,1.8046361692971822,1.4599883043401851,-2.7580151801355517,0
64,3681,4.5,0.8071951598401357,4.8883481355469804,0.5,4.5,4.519981499421367,2,3.67,0.25,5.237263835341318,1.0,7.0,1.0,7.0,0.27228570053023726,-99,1.5347685875671346,18.89691565515506,0.11201550523344624,16.0,0.002800387630836156,0.1,0.011201550523344624,,1.8046361692971822,1.4599883043401851,-2.7580151801355517,0
65,3681,4.5,4.47213595499958,4.8883481355469804,0.5,,0.0,0,3.67,0.25,5.237263835341318,1.0,7.0,1.0,7.0,0.27228570053023726,-99,0.04999999999999999,104.69534524556667,0.003649263678604784,16.0,9.12315919651196e-05,0.1,0.0003649263678604784,4.0,1.8046361692971822,1.4599883043401851,-2.7580151801355517,0
66,3736,2.0,0.9798481058630105,4.998212458329443,0.5,4.0,62.457118642415395,52,4.2,0.25,9.866337466848835,2.0,10.0,2.0,10.0,0.4995600350849224,-99,1.0415556644304511,12.587847296922872,0.25243935370719955,16.0,0.0063109838426799875,0.1,0.02524393537071995,,1.8046361692971822,1.4599883043401851,-2.7580151801355517,0
67,3736,3.0,1.0196920256627013,4.998212458329443,0.5,4.0,35.3920782969177,33,4.2,0.25,9.866337466848835,2.0,10.0,2.0,10.0,0.4995600350849224,-99,0.9617494664120679,13.099711508475952,0.23309691648795994,16.0,0.005827422912198998,0.1,0.023309691648795993,,1.8046361692971822,1.4599883043401851,-2.7580151801355517,0
68,3736,3.5,0.9135375987785176,4.998212458329443,0.5,4.0,26.482789700422558,14,4.2,0.25,9.866337466848835,2.0,10.0,2.0,10.0,0.4995600350849224,-99,1.1982491982445653,11.73597389698815,0.29041679049427926,16.0,0.00726041976235698,0.1,0.02904167904942792,,1.8046361692971822,1.4599883043401851,-2.7580151801355517,0
69,3736,4.0,1.0694058233642159,4.998212458329443,0.5,4.0,19.4037434970599,24,4.2,0.25,9.866337466848835,2.0,10.0,2.0,10.0,0.4995600350849224,-99,0.8744095871354836,13.738371409201699,0.21192855897199153,16.0,0.005298213974299788,0.1,0.021192855897199152,,1.8046361692971822,1.4599883043401851,-2.7580151801355517,0
70,3736,4.0,4.47213595499958,4.998212458329443,0.5,,0.0,0,4.2,0.25,9.866337466848835,2.0,10.0,2.0,10.0,0.4995600350849224,-99,0.04999999999999999,57.452337924387855,0.012118380338569794,16.0,0.0003029595084642448,0.1,0.0012118380338569793,3.7,1.8046361692971822,1.4599883043401851,-2.7580151801355517,0
71,3775,3.0,0.7937704390944573,4.401174110284603,0.5,4.0,20.330836574477257,39,3.62,0.25,8.723791611636516,4.0,15.0,4.0,15.0,0.4273893675099642,-99,1.5871214364722077,11.760605133873995,0.28920157515929795,16.0,0.007230039378982449,0.1,0.028920157515929797,,1.8046361692971822,1.4599883043401851,-2.7580151801355517,0
72,3775,3.5,0.6222876796709649,4.401174110284603,0.5,4.0,12.762032178945631,13,3.62,0.25,8.723791611636516,4.0,15.0,4.0,15.0,0.4273893675099642,-99,2.5823648078620267,9.219894468020117,0.4705525065111888,16.0,0.01176381266277972,0.1,0.04705525065111888,,1.8046361692971822,1.4599883043401851,-2.7580151801355517,0
73,3775,4.0,0.887896529748943,4.401174110284603,0.5,4.0,7.733200122205365,11,3.62,0.25,8.723791611636516,4.0,15.0,4.0,15.0,0.4273893675099642,-99,1.2684556370265085,13.155189424825277,0.23113503467204963,16.0,0.005778375866801241,0.1,0.023113503467204963,,1.8046361692971822,1.4599883043401851,-2.7580151801355517,0
74,3775,4.0,4.47213595499958,4.401174110284603,0.5,,0.0,0,3.62,0.25,8.723791611636516,4.0,15.0,4.0,15.0,0.4273893675099642,-99,0.04999999999999999,66.25974271824933,0.009110883657463665,16.0,0.00022777209143659164,0.1,0.0009110883657463666,8.0,1.8046361692971822,1.4599883043401851,-2.7580151801355517,0
75,3783,3.0,0.9055497908282587,5.226810614316886,0.5,5.0,59.464086662549676,77,3.96,0.25,13.582355530277066,7.0,18.0,7.0,18.0,0.4988173339506025,-99,1.2194818215936567,11.636485365904521,0.2954039756974582,16.0,0.007385099392436453,0.1,0.029540397569745813,,1.8046361692971822,1.4599883043401851,-2.7580151801355517,0
76,3783,3.5,1.162212563026585,5.226810614316886,0.5,5.0,41.5568810956855,25,3.96,0.25,13.582355530277066,7.0,18.0,7.0,18.0,0.4988173339506025,-99,0.7403360008824462,14.934650329232023,0.1793369889899875,16.0,0.004483424724749687,0.1,0.01793369889899875,,1.8046361692971822,1.4599883043401851,-2.7580151801355517,0
77,3783,4.0,1.307442217650287,5.226810614316886,0.5,5.0,26.28820115379199,30,3.96,0.25,13.582355530277066,7.0,18.0,7.0,18.0,0.4988173339506025,-99,0.5849988216900115,16.8008787441029,0.14170853115278345,16.0,0.0035427132788195858,0.1,0.014170853115278343,,1.8046361692971822,1.4599883043401851,-2.7580151801355517,0
78,3783,4.5,1.1665340093784073,5.226810614316886,0.5,5.0,12.038669514273677,9,3.96,0.25,13.582355530277066,7.0,18.0,7.0,18.0,0.4988173339506025,-99,0.7348609846192937,14.990181728766142,0.17801073586960078,16.0,0.004450268396740019,0.1,0.017801073586960075,,1.8046361692971822,1.4599883043401851,-2.7580151801355517,0
79,3783,5.0,1.1190794999203735,5.226810614316886,0.5,5.0,11.923735837030172,4,3.96,0.25,13.582355530277066,7.0,18.0,7.0,18.0,0.4988173339506025,-99,0.7985058823349869,14.380382344516361,0.19342790362492177,16.0,0.0048356975906230434,0.1,0.019342790362492174,,1.8046361692971822,1.4599883043401851,-2.7580151801355517,0
80,3783,5.0,4.47213595499958,5.226810614316886,0.5,,0.0,0,3.96,0.25,13.582355530277066,7.0,18.0,7.0,18.0,0.4988173339506025,-99,0.04999999999999999,57.46778931624495,0.012111864665248353,16.0,0.0003027966166312088,0.1,0.0012111864665248352,15.0,1.8046361692971822,1.4599883043401851,-2.7580151801355517,0
81,3795,3.0,0.7379925801312301,6.052585939132811,0.5,6.0,78.23173629355814,38,4.07,0.25,7.362569345441956,4.0,8.0,4.0,8.0,0.41496810126248884,-99,1.836098641220138,16.333516732509178,0.14993415893422143,16.0,0.0037483539733555353,0.1,0.014993415893422141,,1.8046361692971822,1.4599883043401851,-2.7580151801355517,0
82,3795,3.5,1.1074514309915944,6.052585939132811,0.5,6.0,59.77917739648758,34,4.07,0.25,7.362569345441956,4.0,8.0,4.0,8.0,0.41496810126248884,-99,0.8153622918152209,24.510512660338563,0.06658174931645036,16.0,0.0016645437329112587,0.1,0.006658174931645035,,1.8046361692971822,1.4599883043401851,-2.7580151801355517,0
83,3795,4.0,1.0065048230574078,6.052585939132811,0.5,6.0,33.33031105868633,32,4.07,0.25,7.362569345441956,4.0,8.0,4.0,8.0,0.41496810126248884,-99,0.9871161999895868,22.276326092378916,0.08060701854091658,16.0,0.002015175463522914,0.1,0.008060701854091657,,1.8046361692971822,1.4599883043401851,-2.7580151801355517,0
84,3795,4.5,1.2674258919776755,6.052585939132811,0.5,6.0,18.62233816189774,6,4.07,0.25,7.362569345441956,4.0,8.0,4.0,8.0,0.41496810126248884,-99,0.6225222092234227,28.05112486381852,0.05083460210817545,16.0,0.0012708650527043861,0.1,0.0050834602108175446,,1.8046361692971822,1.4599883043401851,-2.7580151801355517,0
85,3795,5.0,0.4099186911246343,6.052585939132811,0.5,6.0,6.878330602627339,3,4.07,0.25,7.362569345441956,4.0,8.0,4.0,8.0,0.41496810126248884,-99,5.95120015869867,9.07246763817313,0.4859696371490914,16.0,0.012149240928727283,0.1,0.04859696371490913,,1.8046361692971822,1.4599883043401851,-2.7580151801355517,0
86,3795,6.0,0.71,6.052585939132811,0.5,6.0,5.48026437137097,1,4.07,0.25,7.362569345441956,4.0,8.0,4.0,8.0,0.41496810126248884,-99,1.9837333862328903,15.713974899340272,0.16198987904969714,16.0,0.004049746976242428,0.1,0.016198987904969712,,1.8046361692971822,1.4599883043401851,-2.7580151801355517,0
87,3795,6.0,4.47213595499958,6.052585939132811,0.5,,0.0,0,4.07,0.25,7.362569345441956,4.0,8.0,4.0,8.0,0.41496810126248884,-99,0.04999999999999999,98.97891851169089,0.004082954901447616,16.0,0.00010207387253619038,0.1,0.0004082954901447615,6.0,1.8046361692971822,1.4599883043401851,-2.7580151801355517,0
88,250038,3.0,0.598114624831142,5.89362351306049,0.25,5.5,131.123216947621,1151,4.49,0.25,17.232007578090936,10.0,18.0,10.0,18.0,0.3302011898322688,-99,2.7953175846931253,10.994765840595775,0.23162533603945007,16.0,0.00827233342998036,0.14285714285714285,0.03308933371992144,,1.8046361692971822,1.4599883043401851,-2.7580151801355517,0
89,250038,3.5,0.755218682684444,5.89362351306049,0.25,5.5,94.84270999929758,586,4.49,0.25,17.232007578090936,10.0,18.0,10.0,18.0,0.3302011898322688,-99,1.753293205925749,13.882711155746897,0.14528121248978568,16.0,0.00518861473177806,0.14285714285714285,0.02075445892711224,,1.8046361692971822,1.4599883043401851,-2.7580151801355517,0
90,250038,4.0,0.7965163078390692,5.89362351306049,0.25,5.5,53.21078927609957,602,4.49,0.25,17.232007578090936,10.0,18.0,10.0,18.0,0.3302011898322688,-99,1.5761975789545648,14.641859485343401,0.13060673173205778,16.0,0.004664526133287779,0.14285714285714285,0.018658104533151115,,1.8046361692971822,1.4599883043401851,-2.7580151801355517,0
91,250038,4.5,0.7310241846485876,5.89362351306049,0.25,5.5,24.38798197532025,115,4.49,0.25,17.232007578090936,10.0,18.0,10.0,18.0,0.3302011898322688,-99,1.8712702360658588,13.437958880027011,0.15505701378004916,16.0,0.005537750492144613,0.14285714285714285,0.022151001968578454,,1.8046361692971822,1.4599883043401851,-2.7580151801355517,0
92,250038,5.0,1.0640234947214036,5.89362351306049,0.25,5.5,11.918727842984527,82,4.49,0.25,17.232007578090936,10.0,18.0,10.0,18.0,0.3302011898322688,-99,0.8832783071864739,19.55927624517954,0.07319012188051034,16.0,0.002613932924303941,0.14285714285714285,0.010455731697215764,,1.8046361692971822,1.4599883043401851,-2.7580151801355517,0
93,250038,5.5,0.9512247334050015,5.89362351306049,0.25,5.5,9.825197084421857,5,4.49,0.25,17.232007578090936,10.0,18.0,10.0,18.0,0.3302011898322688,-99,1.1051818187075535,17.48576739537801,0.09157746924520939,16.0,0.0032706239016146214,0.14285714285714285,0.013082495606458485,,1.8046361692971822,1.4599883043401851,-2.7580151801355517,0
94,250038,5.5,3.1622776601683795,5.89362351306049,0.25,,0.0,0,4.49,0.25,17.232007578090936,10.0,18.0,10.0,18.0,0.3302011898322688,-99,0.09999999999999998,58.13016594655945,0.008286190353032042,16.0,0.0002959353697511444,0.14285714285714285,0.0011837414790045776,14.0,1.8046361692971822,1.4599883043401851,-2.7580151801355517,0
95,250038,6.0,0.71,5.89362351306049,0.25,5.5,15.036035258908932,1,4.49,0.25,17.232007578090936,10.0,18.0,10.0,18.0,0.3302011898322688,-99,1.9837333862328903,13.051484485982678,0.16437592447990565,16.0,0.005870568731425202,0.14285714285714285,0.02348227492570081,,1.8046361692971822,1.4599883043401851,-2.7580151801355517,0
96,310037,3.0,0.5975040913986939,5.50000000055,0.25,6.0,50.85167695301395,194,4.85,0.25,10.207912389117638,10.0,16.0,10.0,16.0,0.2755477225620509,-99,2.801033049371755,9.332982798487693,0.1836872667260165,16.0,0.011480454170376032,0.25,0.04592181668150413,,1.8046361692971822,1.4599883043401851,-2.7580151801355517,0
97,310037,3.5,0.5007751074585641,5.50000000055,0.25,6.0,31.06600303364008,73,4.85,0.25,10.207912389117638,10.0,16.0,10.0,16.0,0.2755477225620509,-99,3.987627059166947,7.822081105555124,0.261502203762061,16.0,0.016343887735128813,0.25,0.06537555094051525,,1.8046361692971822,1.4599883043401851,-2.7580151801355517,0
98,310037,4.0,0.8315161253341739,5.50000000055,0.25,6.0,19.94899099541739,129,4.85,0.25,10.207912389117638,10.0,16.0,10.0,16.0,0.2755477225620509,-99,1.4463008733417786,12.988238584680502,0.09484609770926783,16.0,0.005927881106829239,0.25,0.023711524427316957,,1.8046361692971822,1.4599883043401851,-2.7580151801355517,0
99,310037,4.5,0.5386535680444302,5.50000000055,0.25,6.0,15.174848619755178,19,4.85,0.25,10.207912389117638,10.0,16.0,10.0,16.0,0.2755477225620509,-99,3.446520913027582,8.413740687757366,0.22601732827468268,16.0,0.014126083017167668,0.25,0.05650433206867067,,1.8046361692971822,1.4599883043401851,-2.7580151801355517,0
100,310037,5.0,0.9719203366519902,5.50000000055,0.25,6.0,9.22978489117528,34,4.85,0.25,10.207912389117638,10.0,16.0,10.0,16.0,0.2755477225620509,-99,1.0586165054738017,15.181345055293827,0.0694223770209152,16.0,0.0043388985638072,0.25,0.0173555942552288,,1.8046361692971822,1.4599883043401851,-2.7580151801355517,0
101,310037,5.5,0.8664086628877754,5.50000000055,0.25,6.0,9.485803137859149,10,4.85,0.25,10.207912389117638,10.0,16.0,10.0,16.0,0.2755477225620509,-99,1.332153984290315,13.533258204581402,0.08736052731949896,16.0,0.005460032957468685,0.25,0.02184013182987474,,1.8046361692971822,1.4599883043401851,-2.7580151801355517,0
102,310037,6.0,0.9637369285937056,5.50000000055,0.25,6.0,4.340212140403589,10,4.85,0.25,10.207912389117638,10.0,16.0,10.0,16.0,0.2755477225620509,-99,1.0766709582272955,15.05352064749406,0.07060635915181762,16.0,0.004412897446988601,0.25,0.017651589787954405,,1.8046361692971822,1.4599883043401851,-2.7580151801355517,0
103,310037,6.0,3.1622776601683795,5.50000000055,0.25,,0.0,0,4.85,0.25,10.207912389117638,10.0,16.0,10.0,16.0,0.2755477225620509,-99,0.09999999999999998,49.39461240726479,0.006557840035740234,16.0,0.00040986500223376464,0.25,0.0016394600089350586,13.0,1.8046361692971822,1.4599883043401851,-2.7580151801355517,0
104,380116,3.0,0.7762842307007255,4.653023757146392,0.375,4.5,14.761012676746287,46,3.3,0.25,6.224341807554948,3.0,9.0,3.0,9.0,0.43600085490076257,-99,1.6594282218603176,11.754608956078325,0.28949670132884725,16.0,0.007237417533221182,0.1,0.028949670132884728,,1.8046361692971822,1.4599883043401851,-2.7580151801355517,0
105,380116,3.5,0.622748756154631,4.653023757146392,0.375,4.5,13.54835444690094,15,3.3,0.25,6.224341807554948,3.0,9.0,3.0,9.0,0.43600085490076257,-99,2.578542313173398,9.429752424410573,0.4498413875736706,16.0,0.011246034689341766,0.1,0.044984138757367065,,1.8046361692971822,1.4599883043401851,-2.7580151801355517,0
106,380116,4.0,1.2253017379374866,4.653023757146392,0.375,4.5,5.867084313842209,8,3.3,0.25,6.224341807554948,3.0,9.0,3.0,9.0,0.43600085490076257,-99,0.6660608403756043,18.553697489973832,0.11619810584930992,16.0,0.0029049526462327484,0.1,0.011619810584930994,,1.8046361692971822,1.4599883043401851,-2.7580151801355517,0
107,380116,4.5,1.1460112668737423,4.653023757146392,0.375,4.5,3.5348280157082943,3,3.3,0.25,6.224341807554948,3.0,9.0,3.0,9.0,0.43600085490076257,-99,0.7614163973743179,17.353069621420783,0.13283342567866382,16.0,0.0033208356419665956,0.1,0.013283342567866382,,1.8046361692971822,1.4599883043401851,-2.7580151801355517,0
108,380116,4.5,3.872983346207417,4.653023757146392,0.375,,0.0,0,3.3,0.25,6.224341807554948,3.0,9.0,3.0,9.0,0.43600085490076257,-99,0.06666666666666665,58.64527827259568,0.011630379569508353,16.0,0.00029075948923770886,0.1,0.0011630379569508354,7.5,1.8046361692971822,1.4599883043401851,-2.7580151801355517,0
109,560053,3.5,0.4534624719160444,5.6613435767617295,0.25,5.5,82.01108507441262,192,4.34,0.25,12.971764737278864,9.5,13.0,9.5,13.0,0.35244515407795507,-99,4.863145884940654,9.47247907638489,0.3120546956766004,16.0,0.011144810559878586,0.14285714285714285,0.044579242239514344,,1.8046361692971822,1.4599883043401851,-2.7580151801355517,0
110,560053,4.0,0.7607844667697634,5.6613435767617295,0.25,5.5,45.09039474661982,173,4.34,0.25,12.971764737278864,9.5,13.0,9.5,13.0,0.35244515407795507,-99,1.7277333892632631,15.892197016139097,0.11086389957298766,16.0,0.00395942498474956,0.14285714285714285,0.01583769993899824,,1.8046361692971822,1.4599883043401851,-2.7580151801355517,0
111,560053,4.5,0.46563024444100043,5.6613435767617295,0.25,5.5,16.989412277446025,13,4.34,0.25,12.971764737278864,9.5,13.0,9.5,13.0,0.35244515407795507,-99,4.612300947239895,9.726654400225573,0.29595866595669784,16.0,0.010569952355596353,0.14285714285714285,0.04227980942238541,,1.8046361692971822,1.4599883043401851,-2.7580151801355517,0
112,560053,5.0,0.7203094161545229,5.6613435767617295,0.25,5.5,9.2924051265201,7,4.34,0.25,12.971764737278864,9.5,13.0,9.5,13.0,0.35244515407795507,-99,1.9273554483140538,15.046704624125962,0.12367309805505027,16.0,0.004416896359108939,0.14285714285714285,0.017667585436435755,,1.8046361692971822,1.4599883043401851,-2.7580151801355517,0
113,560053,5.5,0.6518098344182031,5.6613435767617295,0.25,5.5,3.4307291697589375,2,4.34,0.25,12.971764737278864,9.5,13.0,9.5,13.0,0.35244515407795507,-99,2.3537383447584963,13.615801528668621,0.15103291578202796,16.0,0.005394032706500999,0.14285714285714285,0.021576130826003997,,1.8046361692971822,1.4599883043401851,-2.7580151801355517,0
114,560053,5.5,3.1622776601683795,5.6613435767617295,0.25,,0.0,0,4.34,0.25,12.971764737278864,9.5,13.0,9.5,13.0,0.35244515407795507,-99,0.09999999999999998,66.0575258699914,0.0064167249566359314,16.0,0.0002291687484512833,0.14285714285714285,0.0009166749938051332,10.0,1.8046361692971822,1.4599883043401851,-2.7580151801355517,0
115,640001,3.5,0.75888847551028,7.988466617928527,0.25,7.5,112.98588536070258,117,5.14,0.25,6.48508240423414,2.0,7.0,2.0,7.0,0.22335573695033958,-99,1.7363772402778561,14.703833982229979,0.07400461465258079,16.0,0.0046252884157862995,0.25,0.018501153663145198,,1.8046361692971822,1.4599883043401851,-2.7580151801355517,0
116,640001,4.0,0.7466429555514904,7.988466617928527,0.25,7.5,84.51383899134498,175,5.14,0.25,6.48508240423414,2.0,7.0,2.0,7.0,0.22335573695033958,-99,1.7938001503646988,14.466571066385782,0.07645198624593717,16.0,0.004778249140371073,0.25,0.019112996561484293,,1.8046361692971822,1.4599883043401851,-2.7580151801355517,0
117,640001,4.5,0.5896763606323197,7.988466617928527,0.25,7.5,53.44474981195736,187,5.14,0.25,6.48508240423414,2.0,7.0,2.0,7.0,0.22335573695033958,-99,2.875891944716045,11.425266807686224,0.12257087354883495,16.0,0.007660679596802184,0.25,0.030642718387208737,,1.8046361692971822,1.4599883043401851,-2.7580151801355517,0
118,640001,5.0,0.6929776596608875,7.988466617928527,0.25,7.5,45.3434007674415,146,5.14,0.25,6.48508240423414,2.0,7.0,2.0,7.0,0.22335573695033958,-99,2.0823874227764905,13.426779810032748,0.08875161180717552,16.0,0.00554697573794847,0.25,0.02218790295179388,,1.8046361692971822,1.4599883043401851,-2.7580151801355517,0
119,640001,5.5,0.6641406945582081,7.988466617928527,0.25,7.5,33.89907114396737,87,5.14,0.25,6.48508240423414,2.0,7.0,2.0,7.0,0.22335573695033958,-99,2.267147707993542,12.86804956032636,0.09662611821823677,16.0,0.006039132388639798,0.25,0.024156529554559193,,1.8046361692971822,1.4599883043401851,-2.7580151801355517,0
120,640001,6.0,0.6355362449743679,7.988466617928527,0.25,7.5,27.23905822697766,88,5.14,0.25,6.48508240423414,2.0,7.0,2.0,7.0,0.22335573695033958,-99,2.475821629326551,12.313824412090918,0.1055198267845971,16.0,0.006594989174037319,0.25,0.026379956696149277,,1.8046361692971822,1.4599883043401851,-2.7580151801355517,0
121,640001,6.5,0.5459016161211421,7.988466617928527,0.25,7.5,21.577181000593825,36,5.14,0.25,6.48508240423414,2.0,7.0,2.0,7.0,0.22335573695033958,-99,3.35560814561321,10.577109803491252,0.1430164378919346,16.0,0.008938527368245913,0.25,0.03575410947298365,,1.8046361692971822,1.4599883043401851,-2.7580151801355517,0
122,640001,7.0,0.5966993788969933,7.988466617928527,0.25,7.5,8.82551608219391,30,5.14,0.25,6.48508240423414,2.0,7.0,2.0,7.0,0.22335573695033958,-99,2.808593124978479,11.561341208537408,0.11970258945381011,16.0,0.007481411840863132,0.25,0.029925647363452528,,1.8046361692971822,1.4599883043401851,-2.7580151801355517,0
123,640001,7.5,0.5020458146424487,7.988466617928527,0.25,7.5,6.800606549156702,2,5.14,0.25,6.48508240423414,2.0,7.0,2.0,7.0,0.22335573695033958,-99,3.9674667724657815,9.727382281055569,0.16909392891850206,16.0,0.010568370557406379,0.25,0.042273482229625514,,1.8046361692971822,1.4599883043401851,-2.7580151801355517,0
124,640001,7.5,3.1622776601683795,7.988466617928527,0.25,,0.0,0,5.14,0.25,6.48508240423414,2.0,7.0,2.0,7.0,0.22335573695033958,-99,0.09999999999999998,61.270670488921745,0.0042620124783908425,16.0,0.00026637577989942766,0.25,0.0010655031195977106,4.0,1.8046361692971822,1.4599883043401851,-2.7580151801355517,0
125,640564,3.5,0.42394586179134713,5.223948275559392,0.25,5.0,24.715091797247954,26,3.46,0.25,8.859107710049548,6.0,12.0,6.0,12.0,0.24044825879948847,-99,5.563898506068817,11.323215312730309,0.31197547899442984,16.0,0.007799386974860746,0.1,0.031197547899442984,,1.8046361692971822,1.4599883043401851,-2.7580151801355517,0
126,640564,4.0,0.3162813474139178,5.223948275559392,0.25,5.0,18.443419506046062,35,3.46,0.25,8.859107710049548,6.0,12.0,6.0,12.0,0.24044825879948847,-99,9.99661207599557,8.44759229642124,0.560523855230016,16.0,0.014013096380750401,0.1,0.056052385523001604,,1.8046361692971822,1.4599883043401851,-2.7580151801355517,0
127,640564,4.5,0.8000183824550358,5.223948275559392,0.25,5.0,11.568499278536958,12,3.46,0.25,8.859107710049548,6.0,12.0,6.0,12.0,0.24044825879948847,-99,1.5624281960099016,21.367776442971955,0.08760750835280659,16.0,0.002190187708820165,0.1,0.00876075083528066,,1.8046361692971822,1.4599883043401851,-2.7580151801355517,0
128,640564,5.0,1.2788278874960213,5.223948275559392,0.25,5.0,5.722768363846028,15,3.46,0.25,8.859107710049548,6.0,12.0,6.0,12.0,0.24044825879948847,-99,0.611470913362249,34.156350664341005,0.034286019214634054,16.0,0.0008571504803658514,0.1,0.0034286019214634054,,1.8046361692971822,1.4599883043401851,-2.7580151801355517,0
129,640564,5.0,3.1622776601683795,5.223948275559392,0.25,,0.0,0,3.46,0.25,8.859107710049548,6.0,12.0,6.0,12.0,0.24044825879948847,-99,0.09999999999999998,84.46161185162534,0.005607138208113301,16.0,0.00014017845520283254,0.1,0.0005607138208113302,10.0,1.8046361692971822,1.4599883043401851,-2.7580151801355517,0
130,640566,3.0,0.4593459506672658,5.374876671664776,0.25,5.0,35.43144115096563,46,4.1,0.25,8.460620051410414,6.0,12.0,6.0,12.0,0.23749462484726172,-99,4.739365638992068,12.81298422782664,0.2436460686548867,16.0,0.006091151716372166,0.1,0.024364606865488664,,1.8046361692971822,1.4599883043401851,-2.7580151801355517,0
131,640566,3.5,0.4483867230388815,5.374876671664776,0.25,5.0,27.865322838037464,40,4.1,0.25,8.460620051410414,6.0,12.0,6.0,12.0,0.23749462484726172,-99,4.973870928052417,12.507287811982177,0.2557017520755233,16.0,0.006392543801888082,0.1,0.025570175207552327,,1.8046361692971822,1.4599883043401851,-2.7580151801355517,0
132,640566,4.0,0.48075275638831244,5.374876671664776,0.25,5.0,18.35965723487464,52,4.1,0.25,8.460620051410414,6.0,12.0,6.0,12.0,0.23749462484726172,-99,4.326696518249248,13.410105120420733,0.2224311600398932,16.0,0.005560779000997329,0.1,0.022243116003989316,,1.8046361692971822,1.4599883043401851,-2.7580151801355517,0
133,640566,4.5,0.5784036027450313,5.374876671664776,0.25,5.0,12.963467421219827,8,4.1,0.25,8.460620051410414,6.0,12.0,6.0,12.0,0.23749462484726172,-99,2.989083320694745,16.13397533716046,0.15366579737537472,16.0,0.0038416449343843676,0.1,0.01536657973753747,,1.8046361692971822,1.4599883043401851,-2.7580151801355517,0
134,640566,5.0,0.6561322563827635,5.374876671664776,0.25,5.0,11.40343760893829,18,4.1,0.25,8.460620051410414,6.0,12.0,6.0,12.0,0.23749462484726172,-99,2.3228289086394334,18.30213641850606,0.11941432142135384,16.0,0.0029853580355338454,0.1,0.011941432142135382,,1.8046361692971822,1.4599883043401851,-2.7580151801355517,0
135,640566,5.0,3.1622776601683795,5.374876671664776,0.25,,0.0,0,4.1,0.25,8.460620051410414,6.0,12.0,6.0,12.0,0.23749462484726172,-99,0.09999999999999998,88.20849236808874,0.005140900432968143,16.0,0.00012852251082420355,0.1,0.0005140900432968142,9.0,1.8046361692971822,1.4599883043401851,-2.7580151801355517,0
136,640567,4.0,0.6068051480136489,5.432761261787972,0.25,5.0,15.803878516987258,24,3.74,0.25,8.13750026523947,6.0,12.0,6.0,12.0,0.3598153757652698,-99,2.7158231551739385,11.416761364983506,0.3068839280594921,16.0,0.007672098201487303,0.1,0.030688392805949212,,1.8046361692971822,1.4599883043401851,-2.7580151801355517,0
137,640567,4.5,0.6586107273490831,5.432761261787972,0.25,5.0,16.38838244000316,8,3.74,0.25,8.13750026523947,6.0,12.0,6.0,12.0,0.3598153757652698,-99,2.305379355098879,12.391459649240758,0.2605043965444396,16.0,0.00651260991361099,0.1,0.02605043965444396,,1.8046361692971822,1.4599883043401851,-2.7580151801355517,0
138,640567,5.0,0.5178863971869614,5.432761261787972,0.25,5.0,7.309249358433558,10,3.74,0.25,8.13750026523947,6.0,12.0,6.0,12.0,0.3598153757652698,-99,3.7284729104857846,9.743795731148957,0.4213118259388293,16.0,0.010532795648470733,0.1,0.04213118259388293,,1.8046361692971822,1.4599883043401851,-2.7580151801355517,0
139,640567,5.0,3.1622776601683795,5.432761261787972,0.25,,0.0,0,3.74,0.25,8.13750026523947,6.0,12.0,6.0,12.0,0.3598153757652698,-99,0.09999999999999998,59.49680805138576,0.01129984945723895,16.0,0.0002824962364309738,0.1,0.0011299849457238951,9.0,1.8046361692971822,1.4599883043401851,-2.7580151801355517,0
140,650501,3.0,0.3922953017928748,4.960376658992641,0.25,5.0,25.723871449220237,15,4.0,0.25,7.534182911194817,7.5,10.0,7.5,10.0,0.294865210413327,-99,6.497911410404178,8.674053854255877,0.5316376907506333,16.0,0.013290942268765829,0.1,0.053163769075063316,,1.8046361692971822,1.4599883043401851,-2.7580151801355517,0
141,650501,3.5,0.8564737674487259,4.960376658992641,0.25,5.0,15.465065996088953,11,4.0,0.25,7.534182911194817,7.5,10.0,7.5,10.0,0.294865210413327,-99,1.3632385811627563,18.937518623483566,0.11153568669328122,16.0,0.0027883921673320304,0.1,0.011153568669328122,,1.8046361692971822,1.4599883043401851,-2.7580151801355517,0
142,650501,4.0,0.8373018614413181,4.960376658992641,0.25,5.0,10.727221299605883,14,4.0,0.25,7.534182911194817,7.5,10.0,7.5,10.0,0.294865210413327,-99,1.4263821211677727,18.51360800197735,0.11670188297911195,16.0,0.0029175470744777984,0.1,0.011670188297911194,,1.8046361692971822,1.4599883043401851,-2.7580151801355517,0
143,650501,5.0,0.5939231978064257,4.960376658992641,0.25,5.0,4.004226237976565,5,4.0,0.25,7.534182911194817,7.5,10.0,7.5,10.0,0.294865210413327,-99,2.8349109597826043,13.132254654899802,0.2319430692344171,16.0,0.005798576730860427,0.1,0.023194306923441706,,1.8046361692971822,1.4599883043401851,-2.7580151801355517,0
144,650501,5.0,3.1622776601683795,4.960376658992641,0.25,,0.0,0,4.0,0.25,7.534182911194817,7.5,10.0,7.5,10.0,0.294865210413327,-99,0.09999999999999998,69.921221592639,0.008181670342556496,16.0,0.00020454175856391235,0.1,0.0008181670342556494,9.5,1.8046361692971822,1.4599883043401851,-2.7580151801355517,0
145,650505,3.0,0.5866980376559597,6.477376106390638,0.25,6.0,52.86553796152944,59,4.57,0.25,6.684804635306331,4.0,10.0,4.0,10.0,0.24867477115628212,-99,2.9051645009712,13.670648130973586,0.1498234595495542,16.0,0.005350837841055508,0.14285714285714285,0.021403351364222032,,1.8046361692971822,1.4599883043401851,-2.7580151801355517,0
146,650505,3.5,0.4302007445177236,6.477376106390638,0.25,6.0,42.95577764333025,64,4.57,0.25,6.684804635306331,4.0,10.0,4.0,10.0,0.24867477115628212,-99,5.403282628460474,10.02410546229466,0.27865495948657193,16.0,0.00995196283880614,0.14285714285714285,0.03980785135522456,,1.8046361692971822,1.4599883043401851,-2.7580151801355517,0
147,650505,4.0,0.5464536850620034,6.477376106390638,0.25,6.0,38.818903614377085,111,4.57,0.25,6.684804635306331,4.0,10.0,4.0,10.0,0.24867477115628212,-99,3.348831391045048,12.732914666295748,0.1727039912152255,16.0,0.006167999686258054,0.14285714285714285,0.024671998745032217,,1.8046361692971822,1.4599883043401851,-2.7580151801355517,0
148,650505,4.5,0.6243742451076926,6.477376106390638,0.25,6.0,29.931409896954833,76,4.57,0.25,6.684804635306331,4.0,10.0,4.0,10.0,0.24867477115628212,-99,2.5651338929312466,14.548541258143436,0.13228759814402846,16.0,0.004724557076572445,0.14285714285714285,0.01889822830628978,,1.8046361692971822,1.4599883043401851,-2.7580151801355517,0
149,650505,5.0,0.7946449535489892,6.477376106390638,0.25,6.0,18.04235557322789,73,4.57,0.25,6.684804635306331,4.0,10.0,4.0,10.0,0.24867477115628212,-99,1.5836300736968034,18.51601821002227,0.08167005214632514,16.0,0.0029167875766544695,0.14285714285714285,0.011667150306617878,,1.8046361692971822,1.4599883043401851,-2.7580151801355517,0
150,650505,5.5,0.762589491186439,6.477376106390638,0.25,6.0,9.80669118216279,22,4.57,0.25,6.684804635306331,4.0,10.0,4.0,10.0,0.24867477115628212,-99,1.719564091952375,17.76909403692479,0.0886803625362234,16.0,0.0031671558048651217,0.14285714285714285,0.012668623219460487,,1.8046361692971822,1.4599883043401851,-2.7580151801355517,0
151,650505,6.0,0.7527145684887266,6.477376106390638,0.25,6.0,6.477405638844007,22,4.57,0.25,6.684804635306331,4.0,10.0,4.0,10.0,0.24867477115628212,-99,1.7649782446120423,17.538998511021305,0.09102243489106195,16.0,0.0032508012461093553,0.14285714285714285,0.013003204984437421,,1.8046361692971822,1.4599883043401851,-2.7580151801355517,0
152,650505,6.0,3.1622776601683795,6.477376106390638,0.25,,0.0,0,4.57,0.25,6.684804635306331,4.0,10.0,4.0,10.0,0.24867477115628212,-99,0.09999999999999998,73.68421642812912,0.005157142031009535,16.0,0.00018418364396462626,0.14285714285714285,0.000736734575858505,7.0,1.8046361692971822,1.4599883043401851,-2.7580151801355517,0
153,740150,3.0,0.5706612440568947,6.101408093350295,0.25,6.0,83.08090352257744,190,4.19,0.25,10.241108336804615,7.0,13.0,7.0,13.0,0.23713274170424334,-99,3.0707413866315525,15.472997608883595,0.16707484792062197,16.0,0.004176871198015549,0.1,0.016707484792062195,,1.8046361692971822,1.4599883043401851,-2.7580151801355517,0
154,740150,3.5,0.7080587542157143,6.101408093350295,0.25,6.0,61.18999021325817,89,4.19,0.25,10.241108336804615,7.0,13.0,7.0,13.0,0.23713274170424334,-99,1.9946256828678257,19.198415040493895,0.10852486115389516,16.0,0.002713121528847379,0.1,0.010852486115389515,,1.8046361692971822,1.4599883043401851,-2.7580151801355517,0
155,740150,4.0,0.8372845085474891,6.101408093350295,0.25,6.0,32.114866258181245,91,4.19,0.25,10.241108336804615,7.0,13.0,7.0,13.0,0.23713274170424334,-99,1.4264412459067335,22.702262215337928,0.07761072139291993,16.0,0.0019402680348229978,0.1,0.007761072139291991,,1.8046361692971822,1.4599883043401851,-2.7580151801355517,0
156,740150,4.5,0.4553771287944969,6.101408093350295,0.25,6.0,26.616228926331182,24,4.19,0.25,10.241108336804615,7.0,13.0,7.0,13.0,0.23713274170424334,-99,4.82233715607864,12.347166201241167,0.2623767831707918,16.0,0.006559419579269794,0.1,0.026237678317079176,,1.8046361692971822,1.4599883043401851,-2.7580151801355517,0
157,740150,5.0,0.7110630216104686,6.101408093350295,0.25,6.0,19.32624203741711,37,4.19,0.25,10.241108336804615,7.0,13.0,7.0,13.0,0.23713274170424334,-99,1.977806555194501,19.27987321327082,0.10760975537181537,16.0,0.002690243884295384,0.1,0.010760975537181536,,1.8046361692971822,1.4599883043401851,-2.7580151801355517,0
158,740150,5.5,0.740572010931202,6.101408093350295,0.25,6.0,12.74255155227191,12,4.19,0.25,10.241108336804615,7.0,13.0,7.0,13.0,0.23713274170424334,-99,1.8233305609838164,20.07998453317457,0.09920492735455005,16.0,0.002480123183863751,0.1,0.009920492735455004,,1.8046361692971822,1.4599883043401851,-2.7580151801355517,0
159,740150,6.0,0.5621746655328201,6.101408093350295,0.25,6.0,3.2489267326763716,3,4.19,0.25,10.241108336804615,7.0,13.0,7.0,13.0,0.23713274170424334,-99,3.1641528860144263,15.242891200610465,0.17215724011469427,16.0,0.004303931002867356,0.1,0.017215724011469424,,1.8046361692971822,1.4599883043401851,-2.7580151801355517,0
160,740150,6.0,3.1622776601683795,6.101408093350295,0.25,,0.0,0,4.19,0.25,10.241108336804615,7.0,13.0,7.0,13.0,0.23713274170424334,-99,0.09999999999999998,85.74248765618479,0.005440863520711348,16.0,0.00013602158801778367,0.1,0.0005440863520711347,11.0,1.8046361692971822,1.4599883043401851,-2.7580151801355517,0
161,740153,3.0,0.4663344626349441,7.499987414075205,0.25,7.0,80.79253660776398,221,4.56,0.25,3.4865627850340886,1.0,3.5,1.0,3.5,0.1876756237658022,-99,4.598381265003581,15.077536652841705,0.12316781739745311,16.0,0.004398850621337612,0.14285714285714285,0.017595402485350447,,1.8046361692971822,1.4599883043401851,-2.7580151801355517,0
162,740153,3.5,0.4593666826994864,7.499987414075205,0.25,7.0,67.89273416510218,78,4.56,0.25,3.4865627850340886,1.0,3.5,1.0,3.5,0.1876756237658022,-99,4.738937856710139,14.852254230495753,0.12693263106200867,16.0,0.004533308252214596,0.14285714285714285,0.018133233008858385,,1.8046361692971822,1.4599883043401851,-2.7580151801355517,0
163,740153,4.0,0.44305044942478555,7.499987414075205,0.25,7.0,39.54963058127123,126,4.56,0.25,3.4865627850340886,1.0,3.5,1.0,3.5,0.1876756237658022,-99,5.094406984294661,14.324717398142452,0.13645388518897117,16.0,0.004873353042463256,0.14285714285714285,0.019493412169853026,,1.8046361692971822,1.4599883043401851,-2.7580151801355517,0
164,740153,4.5,0.38698330208899157,7.499987414075205,0.25,7.0,26.490427326371915,31,4.56,0.25,3.4865627850340886,1.0,3.5,1.0,3.5,0.1876756237658022,-99,6.677525387089888,12.511953091170204,0.17885777193016297,16.0,0.0063877775689343925,0.14285714285714285,0.02555111027573757,,1.8046361692971822,1.4599883043401851,-2.7580151801355517,0
165,740153,5.0,0.6928444294814045,7.499987414075205,0.25,7.0,18.28865382234031,43,4.56,0.25,3.4865627850340886,1.0,3.5,1.0,3.5,0.1876756237658022,-99,2.083188363111939,22.40106215010902,0.055798279682681064,16.0,0.0019927957029528954,0.14285714285714285,0.007971182811811582,,1.8046361692971822,1.4599883043401851,-2.7580151801355517,0
166,740153,5.5,0.7425141517306686,7.499987414075205,0.25,7.0,12.339375413743902,24,4.56,0.25,3.4865627850340886,1.0,3.5,1.0,3.5,0.1876756237658022,-99,1.8138047264110029,24.00698476092837,0.04858282870919226,16.0,0.0017351010253282952,0.14285714285714285,0.006940404101313181,,1.8046361692971822,1.4599883043401851,-2.7580151801355517,0
167,740153,6.0,0.9403802636180291,7.499987414075205,0.25,7.0,7.153068834971498,15,4.56,0.25,3.4865627850340886,1.0,3.5,1.0,3.5,0.1876756237658022,-99,1.130818717921183,30.404396475859606,0.030289022447648185,16.0,0.001081750801701721,0.14285714285714285,0.004327003206806884,,1.8046361692971822,1.4599883043401851,-2.7580151801355517,0
168,740153,6.5,0.355,7.499987414075205,0.25,7.0,5.1544554451726095,4,4.56,0.25,3.4865627850340886,1.0,3.5,1.0,3.5,0.1876756237658022,-99,7.934933544931561,11.477868226841448,0.21253749734957977,16.0,0.007590624905342135,0.14285714285714285,0.03036249962136854,,1.8046361692971822,1.4599883043401851,-2.7580151801355517,0
169,740153,7.0,0.5623412096685837,7.499987414075205,0.25,7.0,1.9677057808479916,3,4.56,0.25,3.4865627850340886,1.0,3.5,1.0,3.5,0.1876756237658022,-99,3.1622789594220326,18.181629022813016,0.08470176242195473,16.0,0.003025062943641241,0.14285714285714285,0.012100251774564964,,1.8046361692971822,1.4599883043401851,-2.7580151801355517,0
170,740153,7.0,3.1622776601683795,7.499987414075205,0.25,,0.0,0,4.56,0.25,3.4865627850340886,1.0,3.5,1.0,3.5,0.1876756237658022,-99,0.09999999999999998,102.242834591823,0.0026785038103480786,16.0,9.566085036957424e-05,0.14285714285714285,0.00038264340147829695,2.0,1.8046361692971822,1.4599883043401851,-2.7580151801355517,0
171,740155,3.0,0.8213518891946195,4.7058926862146,0.25,4.5,19.59466575943314,6,3.36,0.25,4.910667177018216,2.0,8.0,2.0,8.0,0.24909044476835743,-99,1.482318330589773,21.754561053621565,0.08451997143382714,16.0,0.0021129992858456787,0.1,0.008451997143382715,,1.8046361692971822,1.4599883043401851,-2.7580151801355517,0
172,740155,3.5,0.4085364355235534,4.7058926862146,0.25,4.5,8.892367543100343,5,3.36,0.25,4.910667177018216,2.0,8.0,2.0,8.0,0.24909044476835743,-99,5.991539258129217,10.82061287755822,0.3416302129517963,16.0,0.008540755323794908,0.1,0.03416302129517963,,1.8046361692971822,1.4599883043401851,-2.7580151801355517,0
173,740155,4.0,0.49918786298208473,4.7058926862146,0.25,4.5,5.255655394576187,5,3.36,0.25,4.910667177018216,2.0,8.0,2.0,8.0,0.24909044476835743,-99,4.0130259201841225,13.221632512611716,0.2288178113551489,16.0,0.005720445283878723,0.1,0.02288178113551489,,1.8046361692971822,1.4599883043401851,-2.7580151801355517,0
174,740155,4.5,0.4099186911246343,4.7058926862146,0.25,4.5,3.1858614788460815,3,3.36,0.25,4.910667177018216,2.0,8.0,2.0,8.0,0.24909044476835743,-99,5.95120015869867,10.857223694749997,0.3393301270247879,16.0,0.008483253175619697,0.1,0.03393301270247879,,1.8046361692971822,1.4599883043401851,-2.7580151801355517,0
175,740155,4.5,3.1622776601683795,4.7058926862146,0.25,,0.0,0,3.36,0.25,4.910667177018216,2.0,8.0,2.0,8.0,0.24909044476835743,-99,0.09999999999999998,83.75699055625574,0.005701877234439851,16.0,0.0001425469308609963,0.1,0.0005701877234439852,4.6,1.8046361692971822,1.4599883043401851,-2.7580151801355517,0
176,880077,3.0,0.5774557901834861,6.545469016515334,0.25,6.5,141.11752849260998,1016,4.77,0.25,12.37555375466881,9.5,12.5,9.5,12.5,0.22771312995973939,-99,2.99890369422733,14.113456028618415,0.1405695589858248,16.0,0.005020341392350886,0.14285714285714285,0.020081365569403545,,1.8046361692971822,1.4599883043401851,-2.7580151801355517,0
177,880077,3.5,0.4977321018571378,6.545469016515334,0.25,6.5,98.04440565766704,616,4.77,0.25,12.37555375466881,9.5,12.5,9.5,12.5,0.22771312995973939,-99,4.0365347532442994,12.164948820342484,0.18920711298156603,16.0,0.006757396892198788,0.14285714285714285,0.02702958756879515,,1.8046361692971822,1.4599883043401851,-2.7580151801355517,0
178,880077,4.0,0.518448060744834,6.545469016515334,0.25,6.5,72.88617107027933,1059,4.77,0.25,12.37555375466881,9.5,12.5,9.5,12.5,0.22771312995973939,-99,3.720398763176609,12.67126251538616,0.1743886655639633,16.0,0.0062281666272844035,0.14285714285714285,0.024912666509137614,,1.8046361692971822,1.4599883043401851,-2.7580151801355517,0
179,880077,4.5,0.5276557477981072,6.545469016515334,0.25,6.5,43.71575798857755,217,4.77,0.25,12.37555375466881,9.5,12.5,9.5,12.5,0.22771312995973939,-99,3.59168841112341,12.896305347341068,0.16835554170611627,16.0,0.006012697918075582,0.14285714285714285,0.024050791672302327,,1.8046361692971822,1.4599883043401851,-2.7580151801355517,0
180,880077,5.0,0.6567759904975385,6.545469016515334,0.25,6.5,28.272716757449498,211,4.77,0.25,12.37555375466881,9.5,12.5,9.5,12.5,0.22771312995973939,-99,2.318277733087838,16.052101684864876,0.10866613661989505,16.0,0.0038809334507105375,0.14285714285714285,0.01552373380284215,,1.8046361692971822,1.4599883043401851,-2.7580151801355517,0
181,880077,5.5,0.6575716046828495,6.545469016515334,0.25,6.5,16.043239767843293,50,4.77,0.25,12.37555375466881,9.5,12.5,9.5,12.5,0.22771312995973939,-99,2.312671229375388,16.07154709698303,0.10840333933306368,16.0,0.003871547833323703,0.14285714285714285,0.015486191333294812,,1.8046361692971822,1.4599883043401851,-2.7580151801355517,0
182,880077,6.0,0.8015169832304012,6.545469016515334,0.25,6.5,9.901765692270185,28,4.77,0.25,12.37555375466881,9.5,12.5,9.5,12.5,0.22771312995973939,-99,1.5565910965144105,19.58968096140956,0.07296310461035611,16.0,0.0026058251646555756,0.14285714285714285,0.010423300658622302,,1.8046361692971822,1.4599883043401851,-2.7580151801355517,0
183,880077,6.5,1.1961837588931599,6.545469016515334,0.25,6.5,4.50286464013504,6,4.77,0.25,12.37555375466881,9.5,12.5,9.5,12.5,0.22771312995973939,-99,0.6988825500319139,29.235635299321824,0.032759175304623044,16.0,0.0011699705465936803,0.14285714285714285,0.004679882186374721,,1.8046361692971822,1.4599883043401851,-2.7580151801355517,0
184,880077,6.5,3.1622776601683795,6.545469016515334,0.25,,0.0,0,4.77,0.25,12.37555375466881,9.5,12.5,9.5,12.5,0.22771312995973939,-99,0.09999999999999998,77.28845647713982,0.004687364894591675,16.0,0.00016740588909255986,0.14285714285714285,0.0006696235563702394,12.0,1.8046361692971822,1.4599883043401851,-2.7580151801355517,0
185,2019111102,3.0,0.8038380541113114,8.456870647716224,0.25,8.0,70.716169089548,40,4.93,0.25,1.9316491506720423,0.5,2.0,0.5,2.0,0.2137994161957908,-99,1.5476148056645371,17.432366743536257,0.052651078849226464,16.0,0.003290692428076654,0.25,0.013162769712306616,,1.8046361692971822,1.4599883043401851,-2.7580151801355517,0
186,2019111102,3.5,0.8566845868148714,8.456870647716224,0.25,8.0,34.212348005723236,7,4.93,0.25,1.9316491506720423,0.5,2.0,0.5,2.0,0.2137994161957908,-99,1.3625677117772377,18.578418655984247,0.04635563046283237,16.0,0.0028972269039270232,0.25,0.011588907615708093,,1.8046361692971822,1.4599883043401851,-2.7580151801355517,0
187,2019111102,4.0,0.6134754214315937,8.456870647716224,0.25,8.0,33.22867589874303,22,4.93,0.25,1.9316491506720423,0.5,2.0,0.5,2.0,0.2137994161957908,-99,2.6570863279225647,13.304083428053417,0.09039617690952559,16.0,0.005649761056845349,0.25,0.022599044227381397,,1.8046361692971822,1.4599883043401851,-2.7580151801355517,0
188,2019111102,4.5,0.5686414115323567,8.456870647716224,0.25,8.0,27.02877421264227,31,4.93,0.25,1.9316491506720423,0.5,2.0,0.5,2.0,0.2137994161957908,-99,3.0925948736740576,12.331794421394113,0.10521252184105899,16.0,0.006575782615066187,0.25,0.026303130460264747,,1.8046361692971822,1.4599883043401851,-2.7580151801355517,0
189,2019111102,5.0,0.42474077658796816,8.456870647716224,0.25,8.0,21.57007465412782,24,4.93,0.25,1.9316491506720423,0.5,2.0,0.5,2.0,0.2137994161957908,-99,5.543091996454143,9.211105334645625,0.18858037071343767,16.0,0.011786273169589854,0.25,0.04714509267835942,,1.8046361692971822,1.4599883043401851,-2.7580151801355517,0
190,2019111102,5.5,0.6254055840495436,8.456870647716224,0.25,8.0,14.389841453926397,12,4.93,0.25,1.9316491506720423,0.5,2.0,0.5,2.0,0.2137994161957908,-99,2.5566806868406147,13.56280590206723,0.08698029764411438,16.0,0.005436268602757149,0.25,0.021745074411028596,,1.8046361692971822,1.4599883043401851,-2.7580151801355517,0
191,2019111102,6.0,0.6183347651264919,8.456870647716224,0.25,8.0,11.335872600020203,27,4.93,0.25,1.9316491506720423,0.5,2.0,0.5,2.0,0.2137994161957908,-99,2.615487629387366,13.40946517875444,0.08898095630774189,16.0,0.005561309769233868,0.25,0.022245239076935472,,1.8046361692971822,1.4599883043401851,-2.7580151801355517,0
192,2019111102,7.0,0.4099186911246343,8.456870647716224,0.25,8.0,3.3559606236040938,3,4.93,0.25,1.9316491506720423,0.5,2.0,0.5,2.0,0.2137994161957908,-99,5.95120015869867,8.889667417668017,0.2024645329421151,16.0,0.012654033308882194,0.25,0.05061613323552878,,1.8046361692971822,1.4599883043401851,-2.7580151801355517,0
193,2019111102,8.0,0.5020458146424487,8.456870647716224,0.25,8.0,2.194709882092368,2,4.93,0.25,1.9316491506720423,0.5,2.0,0.5,2.0,0.2137994161957908,-99,3.9674667724657815,10.887574578165815,0.13497635529474344,16.0,0.008436022205921465,0.25,0.03374408882368586,,1.8046361692971822,1.4599883043401851,-2.7580151801355517,0
194,2019111102,8.0,3.1622776601683795,8.456870647716224,0.25,,0.0,0,4.93,0.25,1.9316491506720423,0.5,2.0,0.5,2.0,0.2137994161957908,-99,0.09999999999999998,68.57847004754187,0.003402079035204007,16.0,0.00021262993970025043,0.25,0.0008505197588010017,1.5,1.8046361692971822,1.4599883043401851,-2.7580151801355517,0
